{"type":"FeatureCollection","features":[{"type":"Feature","properties":{"iso":"GIN","nom":"Faranah","id":"GIN-5636"},"geometry":{"type":"Polygon","coordinates":[[[-10.7655,9.3852],[-10.8318,9.3921],[-10.8115,9.4083],[-10.8549,9.4553],[-10.8591,9.473],[-10.8526,9.5121],[-10.8777,9.5327],[-10.8863,9.5684],[-10.9291,9.6057],[-10.9401,9.6397],[-10.9685,9.6542],[-11.0101,9.7427],[-11.0449,9.7871],[-11.086,9.8262],[-11.1603,9.8728],[-11.1885,9.9726],[-11.1996,9.9822],[-11.2727,9.996],[-11.4492,9.995],[-11.4221,10.0617],[-11.3921,10.1668],[-11.377,10.3952],[-11.3019,10.4192],[-11.2478,10.4643],[-11.1607,10.4733],[-11.0195,10.6085],[-10.8813,10.6565],[-10.8453,10.6445],[-10.8092,10.6085],[-10.7281,10.6025],[-10.653,10.6115],[-10.6229,10.6475],[-10.5981,10.6621],[-10.5788,10.6378],[-10.5757,10.6065],[-10.5691,10.5965],[-10.523,10.5847],[-10.4417,10.5059],[-10.4168,10.5139],[-10.4091,10.5293],[-10.3508,10.5221],[-10.3047,10.5322],[-10.2794,10.5151],[-10.2242,10.5082],[-10.2364,10.4973],[-10.2348,10.4884],[-10.2136,10.4704],[-10.1999,10.4393],[-10.1911,10.4426],[-10.1896,10.4571],[-10.1491,10.4878],[-10.1468,10.5217],[-10.1381,10.5268],[-10.1224,10.4785],[-10.1442,10.4397],[-10.1348,10.4088],[-10.1374,10.3989],[-10.1772,10.3247],[-10.1904,10.3211],[-10.2242,10.3268],[-10.2303,10.3195],[-10.2324,10.2542],[-10.2087,10.1998],[-10.2108,10.184],[-10.2258,10.1601],[-10.245,10.1463],[-10.2668,10.1139],[-10.2913,10.0913],[-10.3199,10.0854],[-10.3277,10.0343],[-10.3538,9.9991],[-10.3527,9.9786],[-10.3227,9.8886],[-10.3384,9.8585],[-10.3707,9.8453],[-10.3751,9.8034],[-10.3663,9.7782],[-10.4081,9.7479],[-10.4154,9.7333],[-10.4073,9.66],[-10.4216,9.5539],[-10.3886,9.4668],[-10.3796,9.3857],[-10.3916,9.2925],[-10.4337,9.2625],[-10.4607,9.2264],[-10.5018,9.1097],[-10.5931,9.0476],[-10.606,9.0638],[-10.6293,9.0704],[-10.7104,9.073],[-10.7463,9.0838],[-10.7535,9.1201],[-10.7426,9.1633],[-10.7247,9.1945],[-10.6932,9.2128],[-10.6852,9.2245],[-10.6881,9.2593],[-10.6738,9.294],[-10.6751,9.3065],[-10.7415,9.3571],[-10.7655,9.3852]]]}},{"type":"Feature","properties":{"iso":"GIN","nom":"Kindia","id":"GIN-5643"},"geometry":{"type":"Polygon","coordinates":[[[-12.1098,9.8817],[-12.1413,9.8749],[-12.1748,9.8792],[-12.2174,9.9006],[-12.2536,9.9284],[-12.2767,9.9293],[-12.427,9.8976],[-12.4723,9.8813],[-12.5083,9.8604],[-12.5143,9.8513],[-12.5273,9.7536],[-12.5225,9.7345],[-12.5357,9.7328],[-12.5388,9.7119],[-12.5731,9.6926],[-12.6016,9.6517],[-12.6539,9.6681],[-12.711,9.6951],[-12.8672,9.6981],[-12.9243,9.6831],[-12.9844,9.6501],[-13.0235,9.62],[-13.0475,9.584],[-13.0895,9.5629],[-13.0926,9.605],[-13.1076,9.6501],[-13.1526,9.7071],[-13.1947,9.7222],[-13.2338,9.7462],[-13.2458,9.7883],[-13.2097,9.8514],[-13.2187,9.9385],[-13.2818,9.9986],[-13.2428,10.0376],[-13.2338,10.0647],[-13.2037,10.0917],[-13.1556,10.1097],[-13.1556,10.1879],[-13.1316,10.2119],[-13.1136,10.2419],[-13.1196,10.275],[-13.1346,10.296],[-13.1346,10.4042],[-12.8518,10.4826],[-12.8373,10.5196],[-12.8128,10.5241],[-12.7344,10.4766],[-12.714,10.4715],[-12.6947,10.4832],[-12.67,10.5153],[-12.5714,10.5634],[-12.5243,10.6093],[-12.5001,10.619],[-12.4929,10.6147],[-12.4909,10.589],[-12.4972,10.5682],[-12.4903,10.5497],[-12.4425,10.5311],[-12.4356,10.5251],[-12.428,10.4969],[-12.3997,10.4828],[-12.3828,10.4654],[-12.4047,10.4398],[-12.407,10.4051],[-12.426,10.3543],[-12.407,10.2718],[-12.3857,10.264],[-12.3269,10.2773],[-12.2364,10.2686],[-12.1863,10.1769],[-12.1255,10.0998],[-12.124,10.0257],[-12.1436,9.9626],[-12.1318,9.9239],[-12.1098,9.8817]]]}},{"type":"Feature","properties":{"iso":"GIN","nom":"Mamou","id":"GIN-5653"},"geometry":{"type":"Polygon","coordinates":[[[-11.5875,9.9943],[-11.9101,9.9925],[-11.915,9.9315],[-11.9218,9.9222],[-12.1098,9.8817],[-12.1318,9.9239],[-12.1436,9.9626],[-12.124,10.0257],[-12.1255,10.0998],[-12.1863,10.1769],[-12.2364,10.2686],[-12.3269,10.2773],[-12.3857,10.264],[-12.403,10.2678],[-12.4097,10.277],[-12.426,10.3543],[-12.407,10.4051],[-12.4047,10.4398],[-12.3828,10.4654],[-12.4151,10.4912],[-12.3595,10.5243],[-12.3114,10.5634],[-12.2754,10.5814],[-12.1972,10.5934],[-12.1732,10.6355],[-12.1011,10.7076],[-12.029,10.7617],[-11.9479,10.7797],[-11.8607,10.7857],[-11.8217,10.8038],[-11.7796,10.8969],[-11.7856,10.969],[-11.8131,11.0025],[-11.7852,11.0145],[-11.6636,11.0308],[-11.6186,11.0703],[-11.5663,11.1339],[-11.4924,11.1777],[-11.4842,11.2252],[-11.4727,11.2451],[-11.437,11.2555],[-11.4211,11.275],[-11.4097,11.2692],[-11.3968,11.2787],[-11.355,11.2692],[-11.3271,11.3104],[-11.3062,11.3262],[-11.2714,11.2823],[-11.2492,11.2285],[-11.2492,11.1843],[-11.4231,11.0642],[-11.4895,11.0642],[-11.6029,10.9653],[-11.5892,10.8989],[-11.595,10.8192],[-11.5533,10.7957],[-11.5653,10.2424],[-11.5716,10.1886],[-11.5938,10.157],[-11.6064,10.0685],[-11.5875,9.9943]]]}},{"type":"Feature","properties":{"iso":"GIN","nom":"Dabola","id":"GIN-5632"},"geometry":{"type":"Polygon","coordinates":[[[-11.4492,9.995],[-11.5875,9.9943],[-11.6064,10.0685],[-11.5938,10.157],[-11.5716,10.1886],[-11.5653,10.2424],[-11.5527,10.7354],[-11.5533,10.7957],[-11.595,10.8192],[-11.5892,10.8989],[-11.6029,10.9653],[-11.4895,11.0642],[-11.4231,11.0642],[-11.4161,11.0291],[-11.1938,11.0261],[-11.1397,10.966],[-11.0826,10.945],[-11.0255,10.96],[-10.8332,11.0892],[-10.7031,11.1126],[-10.6944,11.0997],[-10.6962,11.0915],[-10.7183,11.0455],[-10.793,10.9834],[-10.823,10.9089],[-10.8906,10.8714],[-10.8963,10.8441],[-10.8857,10.8256],[-10.8643,10.808],[-10.6925,10.7532],[-10.6729,10.7336],[-10.6435,10.7177],[-10.623,10.6852],[-10.5981,10.6621],[-10.6229,10.6475],[-10.653,10.6115],[-10.7281,10.6025],[-10.8092,10.6085],[-10.8453,10.6445],[-10.8813,10.6565],[-11.0195,10.6085],[-11.1607,10.4733],[-11.2478,10.4643],[-11.3019,10.4192],[-11.377,10.3952],[-11.3921,10.1668],[-11.4221,10.0617],[-11.4492,9.995]]]}},{"type":"Feature","properties":{"iso":"GIN","nom":"Forécariah","id":"GIN-5637"},"geometry":{"type":"Polygon","coordinates":[[[-12.6016,9.6517],[-12.6028,9.6094],[-12.6068,9.6007],[-12.6338,9.5979],[-12.6499,9.5521],[-12.6686,9.5424],[-12.6675,9.5287],[-12.7016,9.4202],[-12.7229,9.3921],[-12.7372,9.3972],[-12.7598,9.3828],[-12.7678,9.3723],[-12.7642,9.3477],[-12.7953,9.3351],[-12.8191,9.2958],[-12.8358,9.282],[-12.8956,9.2785],[-12.9175,9.267],[-12.937,9.2871],[-12.9579,9.2724],[-12.9738,9.2416],[-12.9784,9.2128],[-12.9592,9.1778],[-12.9842,9.1723],[-13.0289,9.096],[-13.1159,9.0439],[-13.1311,9.0415],[-13.1538,9.0493],[-13.2075,9.0767],[-13.2774,9.0586],[-13.3011,9.0415],[-13.3216,9.0566],[-13.3222,9.0831],[-13.3006,9.0846],[-13.3011,9.0961],[-13.2738,9.124],[-13.2431,9.1697],[-13.2259,9.1793],[-13.1761,9.1737],[-13.1577,9.1793],[-13.1577,9.1855],[-13.2473,9.186],[-13.2595,9.1964],[-13.2458,9.2134],[-13.2328,9.2674],[-13.2549,9.2448],[-13.2806,9.165],[-13.3153,9.1821],[-13.3222,9.1929],[-13.3136,9.1979],[-13.3147,9.2333],[-13.3079,9.2503],[-13.3222,9.2612],[-13.3253,9.311],[-13.3187,9.3295],[-13.3011,9.3159],[-13.3011,9.3568],[-13.3529,9.3388],[-13.3745,9.2728],[-13.4078,9.287],[-13.412,9.2934],[-13.4041,9.3084],[-13.4238,9.3329],[-13.432,9.3711],[-13.3966,9.4394],[-13.4284,9.4207],[-13.4654,9.4182],[-13.4992,9.4288],[-13.514,9.4496],[-13.5209,9.4795],[-13.5207,9.4951],[-13.4932,9.5349],[-13.4867,9.5691],[-13.4561,9.593],[-13.423,9.596],[-13.3179,9.638],[-13.2758,9.62],[-13.2368,9.581],[-13.2067,9.5629],[-13.1316,9.5569],[-13.0895,9.5629],[-13.0475,9.584],[-13.0235,9.62],[-12.9844,9.6501],[-12.9243,9.6831],[-12.8672,9.6981],[-12.711,9.6951],[-12.6539,9.6681],[-12.6016,9.6517]]]}},{"type":"Feature","properties":{"iso":"GIN","nom":"Guéckédou","id":"GIN-5640"},"geometry":{"type":"Polygon","coordinates":[[[-10.6119,8.9451],[-10.5931,9.0476],[-10.5018,9.1097],[-10.4782,9.1852],[-10.4423,9.164],[-10.4323,9.1473],[-10.4416,9.085],[-10.4364,9.0743],[-10.3998,9.047],[-10.3848,9.0427],[-10.2878,8.9226],[-10.2234,8.902],[-10.2022,8.8723],[-10.1672,8.8716],[-10.0702,8.8882],[-9.98,8.943],[-9.77,8.9003],[-9.7937,8.8269],[-9.8748,8.7878],[-9.9079,8.7547],[-9.9199,8.6917],[-9.8728,8.5004],[-9.9442,8.4883],[-10.0404,8.4257],[-10.0617,8.4222],[-10.075,8.4266],[-10.0794,8.44],[-10.0693,8.4869],[-10.0761,8.5015],[-10.148,8.5243],[-10.1818,8.5196],[-10.2324,8.4771],[-10.2403,8.4937],[-10.2937,8.4831],[-10.3376,8.4986],[-10.3747,8.4948],[-10.4141,8.4702],[-10.448,8.4076],[-10.5193,8.3348],[-10.5727,8.3046],[-10.6267,8.3315],[-10.6598,8.3333],[-10.6882,8.3241],[-10.7079,8.3031],[-10.7152,8.2696],[-10.7353,8.2873],[-10.725,8.3199],[-10.6691,8.3991],[-10.6547,8.4855],[-10.6439,8.4869],[-10.6319,8.532],[-10.5846,8.5968],[-10.5654,8.6128],[-10.5221,8.6186],[-10.5033,8.6316],[-10.4819,8.6725],[-10.5302,8.7392],[-10.5997,8.8154],[-10.6101,8.8723],[-10.6119,8.9451]]]}},{"type":"Feature","properties":{"iso":"GIN","nom":"Kankan","id":"GIN-5641"},"geometry":{"type":"Polygon","coordinates":[[[-8.1524,9.95],[-8.1738,9.9419],[-8.1747,9.933],[-8.1679,9.9147],[-8.1495,9.9053],[-8.1457,9.8825],[-8.1551,9.8752],[-8.151,9.8661],[-8.1281,9.8662],[-8.1235,9.8449],[-8.161,9.5536],[-8.1454,9.4971],[-8.0704,9.3975],[-8.1486,9.4007],[-8.2711,9.3409],[-8.3195,9.3352],[-8.4278,9.3779],[-8.4791,9.3808],[-8.4658,9.4578],[-8.4748,9.5209],[-8.5229,9.584],[-8.5709,9.626],[-8.6731,9.6681],[-8.7752,9.6741],[-8.8143,9.6831],[-8.8383,9.7222],[-8.8834,9.7402],[-9.0246,9.7312],[-9.1237,9.6801],[-9.1778,9.638],[-9.2139,9.4968],[-9.2212,9.4262],[-9.3443,9.4672],[-9.5495,9.459],[-9.6293,9.5366],[-9.7553,9.5578],[-9.8334,9.5531],[-9.8932,9.5962],[-9.9552,9.669],[-9.9229,9.6891],[-9.8508,9.7011],[-9.8147,9.7492],[-9.7787,9.7732],[-9.7757,9.8273],[-9.7396,9.8724],[-9.7006,9.9024],[-9.6916,10.0016],[-9.7186,10.0466],[-9.7186,10.2029],[-9.6826,10.284],[-9.6675,10.4372],[-9.5113,10.6025],[-9.4242,10.7226],[-9.3731,10.7497],[-9.301,10.7226],[-9.2139,10.7046],[-9.1598,10.6806],[-8.9645,10.6656],[-8.9465,10.5033],[-8.8984,10.4492],[-8.7842,10.4192],[-8.7482,10.3922],[-8.7302,10.3321],[-8.7241,10.284],[-8.6731,10.2329],[-8.4778,10.1999],[-8.4297,10.1788],[-8.4207,10.1278],[-8.3907,10.0587],[-8.3396,10.0046],[-8.2134,9.9565],[-8.1524,9.95]]]}},{"type":"Feature","properties":{"iso":"GIN","nom":"Mandiana","id":"GIN-5654"},"geometry":{"type":"Polygon","coordinates":[[[-7.9897,10.162],[-8.0349,10.0858],[-8.1088,10.0542],[-8.1275,10.0371],[-8.1585,9.9849],[-8.1363,9.9694],[-8.1524,9.95],[-8.2134,9.9565],[-8.3396,10.0046],[-8.3907,10.0587],[-8.4207,10.1278],[-8.4297,10.1788],[-8.4778,10.1999],[-8.6731,10.2329],[-8.7241,10.284],[-8.7302,10.3321],[-8.7482,10.3922],[-8.7842,10.4192],[-8.8984,10.4492],[-8.9465,10.5033],[-8.9645,10.6656],[-9.1598,10.6806],[-9.2139,10.7046],[-9.301,10.7226],[-9.3731,10.7497],[-9.3641,10.8248],[-9.3431,10.8668],[-9.313,10.8999],[-9.2379,10.954],[-9.0697,11.0171],[-8.9765,11.0802],[-8.9224,11.1312],[-8.8864,11.2304],[-8.8744,11.3385],[-8.8533,11.4287],[-8.8113,11.5267],[-8.7872,11.5579],[-8.7672,11.6101],[-8.7468,11.6229],[-8.7265,11.6495],[-8.7129,11.6401],[-8.6873,11.55],[-8.6568,11.4964],[-8.6022,11.4721],[-8.5752,11.4703],[-8.5496,11.4901],[-8.5276,11.4234],[-8.4881,11.4182],[-8.3976,11.3859],[-8.3753,11.3677],[-8.4141,11.3535],[-8.4261,11.3405],[-8.418,11.3255],[-8.371,11.3206],[-8.3767,11.2947],[-8.3884,11.2814],[-8.4269,11.2742],[-8.4832,11.2849],[-8.4926,11.2778],[-8.5031,11.2554],[-8.4988,11.2335],[-8.5518,11.2107],[-8.5639,11.1934],[-8.5782,11.1421],[-8.6154,11.1341],[-8.6246,11.122],[-8.6231,11.0913],[-8.6337,11.0713],[-8.6798,11.0252],[-8.6969,10.996],[-8.7007,10.9785],[-8.6962,10.9627],[-8.6809,10.9523],[-8.648,10.9658],[-8.5933,10.9647],[-8.5595,10.9716],[-8.5416,10.9838],[-8.5058,11.0528],[-8.469,11.0464],[-8.4382,11.0497],[-8.4105,11.0419],[-8.3693,11.0542],[-8.3266,11.0238],[-8.3111,11.0008],[-8.3051,10.9782],[-8.3036,10.8749],[-8.3059,10.8563],[-8.3189,10.8395],[-8.3398,10.7839],[-8.3419,10.7632],[-8.3156,10.7531],[-8.3111,10.7353],[-8.2955,10.5374],[-8.2289,10.4234],[-8.2106,10.4141],[-8.189,10.4136],[-8.1354,10.4273],[-8.1254,10.4117],[-8.1155,10.3602],[-8.0961,10.3467],[-8.0157,10.3393],[-7.9963,10.3283],[-7.9712,10.2818],[-7.9626,10.2333],[-7.9897,10.162]]]}},{"type":"Feature","properties":{"iso":"GIN","nom":"Beyla","id":"GIN-5627"},"geometry":{"type":"Polygon","coordinates":[[[-8.0704,9.3975],[-8.0541,9.3891],[-8.0099,9.3836],[-7.9916,9.3853],[-7.933,9.4143],[-7.9119,9.4187],[-7.8706,9.4186],[-7.8654,9.4099],[-7.8949,9.3071],[-7.9306,9.2203],[-7.9296,9.1839],[-7.8787,9.1639],[-7.8479,9.1686],[-7.8234,9.132],[-7.7594,9.0917],[-7.7468,9.0764],[-7.7642,9.0636],[-7.827,9.0578],[-7.9167,9.0123],[-7.9318,8.9966],[-7.9465,8.9486],[-7.9689,8.8128],[-7.9589,8.782],[-7.831,8.7477],[-7.8161,8.7535],[-7.8037,8.7491],[-7.7651,8.7061],[-7.7412,8.6629],[-7.6968,8.6248],[-7.6917,8.5467],[-7.6792,8.5051],[-7.6896,8.4387],[-7.6624,8.3749],[-7.7207,8.3685],[-7.7483,8.3723],[-7.771,8.3865],[-7.8024,8.4492],[-7.8238,8.4779],[-7.8457,8.4743],[-7.8486,8.4286],[-7.8656,8.4209],[-7.9129,8.4342],[-7.9238,8.4438],[-7.9439,8.4846],[-7.9705,8.497],[-8.0157,8.4872],[-8.0507,8.4877],[-8.0766,8.5033],[-8.1505,8.4865],[-8.2003,8.4918],[-8.2489,8.4536],[-8.2543,8.4345],[-8.2369,8.4001],[-8.2353,8.3795],[-8.2476,8.3226],[-8.2453,8.2851],[-8.266,8.246],[-8.1829,8.1917],[-8.0855,8.162],[-8.0033,8.184],[-8.0024,8.1743],[-8.0157,8.1482],[-8.0213,8.1027],[-8.0157,8.0885],[-7.9804,8.059],[-7.9626,8.0152],[-7.9804,8.0166],[-8.012,8.0356],[-8.0691,8.0293],[-8.0672,8.0208],[-8.1112,8.0487],[-8.2795,8.1959],[-8.3696,8.22],[-8.4297,8.217],[-8.4447,8.241],[-8.4778,8.265],[-8.5379,8.271],[-8.5499,8.3071],[-8.5889,8.3492],[-8.652,8.3642],[-8.7362,8.3582],[-8.8233,8.3191],[-8.9104,8.2981],[-8.8563,8.4633],[-8.8714,8.5504],[-8.9044,8.6346],[-8.9525,8.7007],[-8.9675,8.7457],[-8.9691,8.9619],[-8.9264,9.0018],[-8.8837,9.0218],[-8.8067,9.036],[-8.728,9.0721],[-8.7114,9.1193],[-8.6673,9.1949],[-8.6216,9.2269],[-8.5988,9.2696],[-8.5646,9.3152],[-8.5304,9.3266],[-8.5218,9.3665],[-8.4791,9.3808],[-8.4278,9.3779],[-8.3195,9.3352],[-8.2711,9.3409],[-8.1486,9.4007],[-8.0704,9.3975]]]}},{"type":"Feature","properties":{"iso":"GIN","nom":"Lola","id":"GIN-5650"},"geometry":{"type":"Polygon","coordinates":[[[-8.0672,8.0208],[-8.0791,7.9577],[-8.1289,7.8826],[-8.1312,7.8424],[-8.1014,7.8128],[-8.0983,7.7919],[-8.1151,7.7769],[-8.1274,7.713],[-8.1595,7.6763],[-8.158,7.6582],[-8.1979,7.6186],[-8.2026,7.6072],[-8.2002,7.5763],[-8.229,7.5443],[-8.2654,7.5601],[-8.3032,7.5893],[-8.3368,7.5978],[-8.3909,7.5858],[-8.4148,7.6129],[-8.44,7.5999],[-8.4854,7.558],[-8.5478,7.6008],[-8.5665,7.6234],[-8.5728,7.6507],[-8.5674,7.6882],[-8.5319,7.7212],[-8.5108,7.7633],[-8.5499,7.8715],[-8.5499,7.9345],[-8.5229,7.9946],[-8.4898,8.0487],[-8.4748,8.0968],[-8.4447,8.1238],[-8.4297,8.217],[-8.3696,8.22],[-8.2795,8.1959],[-8.1112,8.0487],[-8.0672,8.0208]]]}},{"type":"Feature","properties":{"iso":"MLI","nom":"Kayes","id":"MLI-2793"},"geometry":{"type":"Polygon","coordinates":[[[-11.8226,13.3067],[-11.84,13.3169],[-11.8546,13.3506],[-11.8976,13.3712],[-11.9,13.3822],[-11.8835,13.4535],[-11.8904,13.4651],[-11.9182,13.4747],[-11.939,13.503],[-11.9968,13.5442],[-12.0152,13.5644],[-12.0373,13.5983],[-12.0704,13.6732],[-12.0976,13.7044],[-12.0123,13.7512],[-11.9788,13.7848],[-11.9629,13.8295],[-11.9568,13.8903],[-11.9629,13.9092],[-12.0153,13.9593],[-12.0253,13.9852],[-12.0252,14.0267],[-12.0028,14.1035],[-11.9976,14.1662],[-12.0443,14.2649],[-12.0978,14.2881],[-12.1196,14.3106],[-12.1278,14.3243],[-12.113,14.3296],[-12.1087,14.342],[-12.1156,14.3551],[-12.2217,14.3912],[-12.2199,14.4346],[-12.2364,14.5195],[-12.2304,14.5367],[-12.2042,14.5543],[-12.1984,14.5876],[-12.1659,14.6252],[-12.165,14.6419],[-12.1898,14.656],[-12.1922,14.6669],[-12.1803,14.6928],[-12.2228,14.7033],[-12.2366,14.7285],[-12.2565,14.7458],[-12.2641,14.7749],[-12.2248,14.7634],[-12.1389,14.7845],[-12.0704,14.7344],[-12.0497,14.7672],[-12.0111,14.7627],[-11.9915,14.768],[-11.974,14.7798],[-11.936,14.8236],[-11.8775,14.8415],[-11.8371,14.8931],[-11.8204,14.9],[-11.8309,14.9264],[-11.8132,14.9959],[-11.8138,15.0285],[-11.8328,15.049],[-11.851,15.042],[-11.8609,15.049],[-11.8451,15.1246],[-11.8457,15.1791],[-11.8268,15.2326],[-11.8169,15.2961],[-11.7835,15.3659],[-11.7677,15.4372],[-11.7549,15.4691],[-11.7294,15.4961],[-11.7271,15.5412],[-11.6441,15.5264],[-11.6149,15.5412],[-11.5792,15.578],[-11.5243,15.6003],[-11.5154,15.6101],[-11.5131,15.6253],[-11.5273,15.6426],[-11.4582,15.6329],[-11.4348,15.6234],[-11.4096,15.6022],[-11.2982,15.451],[-11.0454,15.2702],[-11.0127,15.2396],[-10.9852,15.1875],[-10.948,15.152],[-10.9152,15.1029],[-10.8909,15.1767],[-10.8441,15.2345],[-10.8272,15.2877],[-10.811,15.3031],[-10.7817,15.3084],[-10.7707,15.3247],[-10.7468,15.3411],[-10.7389,15.3622],[-10.7364,15.4226],[-10.7254,15.4331],[-10.6071,15.4244],[-10.535,15.4417],[-10.3708,15.4335],[-10.3226,15.4371],[-10.2232,15.402],[-10.1884,15.4047],[-10.1316,15.3726],[-10.1083,15.3659],[-10.0676,15.3647],[-9.9514,15.3812],[-9.8356,15.3711],[-9.7974,15.3803],[-9.7208,15.4209],[-9.6721,15.4307],[-9.4239,15.4405],[-9.4518,15.5592],[-9.4517,15.5883],[-9.437,15.6149],[-9.3759,15.6859],[-9.3565,15.6979],[-9.3324,15.6876],[-9.3293,15.6552],[-9.343,15.5869],[-9.3492,15.4956],[-9.1414,15.4956],[-9.122,15.4739],[-8.99,15.368],[-8.849,15.2929],[-8.8041,15.245],[-8.796,15.2209],[-8.788,15.143],[-8.741,15.026],[-8.677,14.982],[-8.571,14.9759],[-8.507,14.963],[-8.492,14.942],[-8.4751,14.8759],[-8.485,14.733],[-8.463,14.6979],[-8.3001,14.5809],[-8.237,14.5199],[-8.164,14.5029],[-8.1501,14.488],[-8.16,14.434],[-8.1321,14.34],[-8.162,14.32],[-8.272,14.3049],[-8.3261,14.3159],[-8.443,14.2979],[-8.472,14.3009],[-8.499,14.3259],[-8.529,14.3799],[-8.55,14.402],[-8.571,14.4129],[-8.594,14.408],[-8.6171,14.36],[-8.65,14.314],[-8.7221,14.2879],[-8.8094,14.2882],[-8.764,14.1808],[-8.7579,14.1374],[-8.7647,14.109],[-8.797,14.1139],[-8.8187,14.1062],[-8.8237,14.0926],[-8.8184,14.0576],[-8.8406,14.0039],[-8.8552,13.9892],[-8.8466,13.9687],[-8.8151,13.9422],[-8.7874,13.932],[-8.7687,13.905],[-8.7513,13.9166],[-8.723,13.8657],[-8.7039,13.8504],[-8.618,13.837],[-8.5926,13.8395],[-8.5797,13.8631],[-8.5938,13.8662],[-8.5927,13.8793],[-8.5764,13.9115],[-8.5729,13.9363],[-8.5661,13.9457],[-8.546,13.9517],[-8.5119,13.9523],[-8.4847,13.943],[-8.4648,13.9227],[-8.4526,13.8904],[-8.4576,13.8231],[-8.4897,13.7881],[-8.5142,13.7443],[-8.5514,13.7036],[-8.5549,13.6834],[-8.5406,13.5687],[-8.5153,13.5456],[-8.4966,13.5083],[-8.4566,13.463],[-8.4488,13.4235],[-8.4515,13.4042],[-8.4618,13.3902],[-8.4865,13.377],[-8.4943,13.3658],[-8.5264,13.2596],[-8.5555,13.2177],[-8.5607,13.1967],[-8.5643,13.133],[-8.5788,13.0989],[-8.5713,13.0067],[-8.5793,12.9781],[-8.6337,12.8846],[-8.6342,12.8594],[-8.5982,12.8069],[-8.682,12.7629],[-8.723,12.714],[-8.762,12.6899],[-8.854,12.6689],[-8.891,12.65],[-8.924,12.586],[-9.003,12.523],[-9.045,12.4469],[-9.0101,12.4239],[-9.0278,12.4048],[-9.1473,12.4655],[-9.2659,12.4952],[-9.2789,12.4944],[-9.2941,12.4838],[-9.3273,12.4975],[-9.3509,12.4846],[-9.3982,12.4732],[-9.4126,12.4554],[-9.4073,12.4451],[-9.3747,12.4111],[-9.3472,12.3965],[-9.3392,12.3706],[-9.3092,12.3577],[-9.3129,12.3261],[-9.3218,12.3102],[-9.335,12.3065],[-9.3319,12.2828],[-9.3368,12.2698],[-9.3602,12.2466],[-9.4215,12.2571],[-9.4389,12.2548],[-9.4796,12.2358],[-9.5156,12.2071],[-9.6282,12.1702],[-9.6751,12.134],[-9.6823,12.1185],[-9.6863,12.0682],[-9.723,12.0254],[-9.7786,12.0267],[-9.8337,12.0551],[-9.8707,12.0521],[-9.9232,12.0876],[-9.9616,12.096],[-10.0277,12.1257],[-10.0602,12.1475],[-10.0973,12.1537],[-10.1287,12.1745],[-10.1798,12.1782],[-10.2149,12.1946],[-10.2478,12.2011],[-10.2669,12.2178],[-10.305,12.2029],[-10.311,12.191],[-10.3236,12.202],[-10.3299,12.1904],[-10.3541,12.1809],[-10.3534,12.1665],[-10.3814,12.1801],[-10.4289,12.1434],[-10.4457,12.1207],[-10.4935,12.1244],[-10.5116,12.1181],[-10.5044,12.0884],[-10.5173,12.0803],[-10.5151,12.0529],[-10.5665,12.0173],[-10.5595,11.9952],[-10.6138,11.9677],[-10.6342,11.9254],[-10.6551,11.899],[-10.67,11.892],[-10.7114,11.8904],[-10.7403,11.9199],[-10.781,11.9962],[-10.8078,12.0228],[-10.811,12.0415],[-10.7985,12.0681],[-10.8049,12.096],[-10.8696,12.1384],[-10.9098,12.2001],[-10.9277,12.213],[-10.9521,12.2195],[-11.0155,12.2044],[-11.0523,12.2025],[-11.0728,12.1495],[-11.1166,12.1137],[-11.1363,12.0851],[-11.1594,12.0775],[-11.1656,12.0486],[-11.1912,12.0144],[-11.2555,11.9962],[-11.275,11.9963],[-11.3151,12.0133],[-11.3513,12.0404],[-11.3917,12.0937],[-11.4096,12.1079],[-11.4708,12.1346],[-11.4896,12.1512],[-11.5078,12.1916],[-11.4917,12.2209],[-11.4632,12.25],[-11.4446,12.2895],[-11.4515,12.3521],[-11.4472,12.3745],[-11.4317,12.383],[-11.3886,12.3845],[-11.3778,12.4802],[-11.3904,12.4975],[-11.4005,12.4795],[-11.417,12.5293],[-11.4247,12.5264],[-11.4298,12.5083],[-11.4495,12.5352],[-11.4678,12.5435],[-11.4398,12.5593],[-11.4374,12.5708],[-11.4418,12.5955],[-11.4368,12.6375],[-11.4418,12.6478],[-11.461,12.6584],[-11.4619,12.6731],[-11.448,12.6859],[-11.4374,12.7122],[-11.4103,12.7188],[-11.4022,12.7317],[-11.4146,12.7597],[-11.4054,12.7823],[-11.4085,12.8045],[-11.4325,12.8355],[-11.4255,12.8496],[-11.4286,12.8658],[-11.4151,12.8967],[-11.4272,12.9186],[-11.4029,12.9164],[-11.3878,12.9271],[-11.3888,12.9706],[-11.4018,12.9895],[-11.4115,12.9607],[-11.4387,12.9589],[-11.4334,12.997],[-11.423,13.0094],[-11.4357,13.0167],[-11.459,13.0547],[-11.4503,13.0751],[-11.5331,13.1118],[-11.5385,13.163],[-11.5693,13.1992],[-11.5723,13.2171],[-11.5543,13.2569],[-11.6058,13.3197],[-11.6131,13.3608],[-11.644,13.3556],[-11.6498,13.3841],[-11.704,13.3804],[-11.7269,13.4058],[-11.7412,13.4078],[-11.7565,13.3998],[-11.7666,13.3832],[-11.7751,13.3433],[-11.8226,13.3067]]]}},{"type":"Feature","properties":{"iso":"SEN","nom":"Kédougou","id":"SEN-5515"},"geometry":{"type":"Polygon","coordinates":[[[-11.9,13.3822],[-11.8976,13.3712],[-11.8546,13.3506],[-11.84,13.3169],[-11.8226,13.3067],[-11.7751,13.3433],[-11.7666,13.3832],[-11.7565,13.3998],[-11.7412,13.4078],[-11.7269,13.4058],[-11.704,13.3804],[-11.6498,13.3841],[-11.644,13.3556],[-11.6131,13.3608],[-11.6058,13.3197],[-11.5543,13.2569],[-11.5723,13.2171],[-11.5693,13.1992],[-11.5385,13.163],[-11.5331,13.1118],[-11.4503,13.0751],[-11.459,13.0547],[-11.4357,13.0167],[-11.423,13.0094],[-11.4334,12.997],[-11.4387,12.9589],[-11.4115,12.9607],[-11.4018,12.9895],[-11.3934,12.9808],[-11.3844,12.9331],[-11.4029,12.9164],[-11.4272,12.9186],[-11.4151,12.8967],[-11.4286,12.8658],[-11.4255,12.8496],[-11.4325,12.8355],[-11.4085,12.8045],[-11.4054,12.7823],[-11.4146,12.7597],[-11.4022,12.7317],[-11.4103,12.7188],[-11.4374,12.7122],[-11.448,12.6859],[-11.4619,12.6731],[-11.461,12.6584],[-11.4418,12.6478],[-11.4368,12.6375],[-11.4418,12.5955],[-11.4374,12.5708],[-11.4398,12.5593],[-11.4678,12.5435],[-11.4495,12.5352],[-11.4298,12.5083],[-11.4247,12.5264],[-11.417,12.5293],[-11.4005,12.4795],[-11.3904,12.4975],[-11.3778,12.4802],[-11.3884,12.4039],[-11.416,12.405],[-11.4816,12.4282],[-11.5154,12.4316],[-11.6431,12.4176],[-11.72,12.3895],[-11.7578,12.3833],[-11.8396,12.3867],[-11.9239,12.4188],[-11.9976,12.3864],[-12.0792,12.4081],[-12.104,12.4074],[-12.192,12.3488],[-12.3609,12.3056],[-12.3771,12.3137],[-12.4055,12.3565],[-12.4234,12.3691],[-12.4668,12.3845],[-12.5051,12.3903],[-12.5706,12.3637],[-12.5937,12.3616],[-12.6034,12.3819],[-12.648,12.4258],[-12.6881,12.436],[-12.7733,12.4351],[-12.7835,12.4531],[-12.8386,12.4664],[-12.8491,12.4758],[-12.8492,12.495],[-12.874,12.5164],[-12.9131,12.5363],[-12.9495,12.5359],[-12.9695,12.4768],[-12.981,12.467],[-13.052,12.4723],[-13.0667,12.4801],[-13.0783,12.4962],[-13.0827,12.5157],[-13.0642,12.5662],[-13.0593,12.6035],[-13.0636,12.6223],[-13.0765,12.6359],[-13.1273,12.6348],[-13.1453,12.6439],[-13.1547,12.6328],[-13.1692,12.6388],[-13.2019,12.6334],[-13.2215,12.6484],[-13.2547,12.6418],[-13.2841,12.6533],[-13.3386,12.6392],[-13.3598,12.6497],[-13.3566,12.6653],[-13.3646,12.6847],[-13.3779,12.6906],[-13.407,12.6822],[-13.4429,12.6844],[-13.4664,12.6946],[-13.4808,12.7089],[-13.4727,12.7707],[-13.4891,12.812],[-13.4773,12.8348],[-13.4854,12.8515],[-13.4708,12.8522],[-13.4651,12.8608],[-13.473,12.8918],[-13.5038,12.9232],[-13.5138,12.9515],[-13.5072,12.9654],[-13.5117,12.9964],[-13.5328,13.0104],[-13.5293,13.0291],[-13.5703,13.0663],[-13.572,13.09],[-13.6,13.1155],[-13.607,13.1304],[-13.6145,13.17],[-13.6126,13.2261],[-13.6228,13.2401],[-13.6232,13.2491],[-13.6001,13.2598],[-13.5995,13.3133],[-13.5823,13.3249],[-13.5856,13.3082],[-13.568,13.2976],[-13.5581,13.2994],[-13.5475,13.3174],[-13.5126,13.3299],[-13.4999,13.3258],[-13.5065,13.3044],[-13.4938,13.3093],[-13.4853,13.333],[-13.4761,13.3385],[-13.3967,13.3311],[-13.3646,13.341],[-13.3557,13.3249],[-13.3776,13.2918],[-13.3768,13.2764],[-13.3662,13.2488],[-13.3526,13.2495],[-13.3284,13.2286],[-13.3315,13.2145],[-13.3213,13.191],[-13.3275,13.1645],[-13.3148,13.1536],[-13.3557,13.1393],[-13.3557,13.1331],[-13.3348,13.1241],[-13.3284,13.0437],[-13.3092,13.0218],[-13.2895,13.0169],[-13.2026,13.04],[-13.1733,13.0371],[-13.1469,13.0283],[-13.1292,13.0136],[-13.1116,13.0136],[-13.094,13.0371],[-13.0735,13.0371],[-13.0324,13.0576],[-12.9766,13.0576],[-12.9561,13.0488],[-12.9385,13.0312],[-12.9238,13.0312],[-12.8739,12.9901],[-12.8534,12.9842],[-12.8446,13.0106],[-12.8358,13.0195],[-12.8035,13.0253],[-12.8005,13.0429],[-12.7917,13.0517],[-12.7565,13.0429],[-12.7418,13.0459],[-12.7418,13.0635],[-12.733,13.0811],[-12.6949,13.1134],[-12.7008,13.1603],[-12.6861,13.1721],[-12.645,13.175],[-12.6156,13.1926],[-12.5863,13.175],[-12.5628,13.1721],[-12.5305,13.1809],[-12.5129,13.1926],[-12.5012,13.2132],[-12.4982,13.2337],[-12.4865,13.2484],[-12.466,13.2513],[-12.4601,13.266],[-12.4454,13.2777],[-12.419,13.2836],[-12.3955,13.2777],[-12.3691,13.2513],[-12.3574,13.2542],[-12.3368,13.3071],[-12.3251,13.3129],[-12.2664,13.3071],[-12.2517,13.3247],[-12.2576,13.3482],[-12.2869,13.3834],[-12.2928,13.401],[-12.2781,13.4157],[-12.2781,13.4391],[-12.2547,13.4479],[-12.1402,13.3775],[-12.0786,13.3599],[-12.0668,13.3159],[-12.0463,13.3159],[-12.0199,13.3335],[-11.9934,13.3628],[-11.9,13.3822]]]}},{"type":"Feature","properties":{"iso":"SEN","nom":"Tambacounda","id":"SEN-779"},"geometry":{"type":"Polygon","coordinates":[[[-12.2641,14.7749],[-12.2565,14.7458],[-12.2366,14.7285],[-12.2228,14.7033],[-12.1803,14.6928],[-12.1922,14.6669],[-12.1898,14.656],[-12.165,14.6419],[-12.1659,14.6252],[-12.1984,14.5876],[-12.2042,14.5543],[-12.2304,14.5367],[-12.2364,14.5195],[-12.2199,14.4346],[-12.2217,14.3912],[-12.1156,14.3551],[-12.1087,14.342],[-12.113,14.3296],[-12.1278,14.3243],[-12.1196,14.3106],[-12.0978,14.2881],[-12.0443,14.2649],[-11.9976,14.1662],[-12.0028,14.1035],[-12.0252,14.0267],[-12.0253,13.9852],[-12.0153,13.9593],[-11.9629,13.9092],[-11.9568,13.8903],[-11.9629,13.8295],[-11.9788,13.7848],[-12.0123,13.7512],[-12.0976,13.7044],[-12.0704,13.6732],[-12.0373,13.5983],[-12.0152,13.5644],[-11.9968,13.5442],[-11.939,13.503],[-11.9182,13.4747],[-11.8904,13.4651],[-11.8835,13.4535],[-11.9,13.3822],[-11.9934,13.3628],[-12.0199,13.3335],[-12.0463,13.3159],[-12.0668,13.3159],[-12.0786,13.3599],[-12.1402,13.3775],[-12.2547,13.4479],[-12.2781,13.4391],[-12.2781,13.4157],[-12.2928,13.401],[-12.2869,13.3834],[-12.2576,13.3482],[-12.2517,13.3247],[-12.2664,13.3071],[-12.3251,13.3129],[-12.3368,13.3071],[-12.3574,13.2542],[-12.3691,13.2513],[-12.3955,13.2777],[-12.419,13.2836],[-12.4454,13.2777],[-12.4601,13.266],[-12.466,13.2513],[-12.4865,13.2484],[-12.4982,13.2337],[-12.5012,13.2132],[-12.5129,13.1926],[-12.5305,13.1809],[-12.5628,13.1721],[-12.5863,13.175],[-12.6156,13.1926],[-12.645,13.175],[-12.6861,13.1721],[-12.7008,13.1603],[-12.6949,13.1134],[-12.733,13.0811],[-12.7418,13.0635],[-12.7418,13.0459],[-12.7565,13.0429],[-12.7917,13.0517],[-12.8005,13.0429],[-12.8035,13.0253],[-12.8358,13.0195],[-12.8446,13.0106],[-12.8534,12.9842],[-12.8739,12.9901],[-12.9238,13.0312],[-12.9385,13.0312],[-12.9561,13.0488],[-12.9766,13.0576],[-13.0324,13.0576],[-13.0735,13.0371],[-13.094,13.0371],[-13.1116,13.0136],[-13.1292,13.0136],[-13.1469,13.0283],[-13.1733,13.0371],[-13.2026,13.04],[-13.2895,13.0169],[-13.3092,13.0218],[-13.3284,13.0437],[-13.3348,13.1241],[-13.3557,13.1331],[-13.3557,13.1393],[-13.3148,13.1536],[-13.3275,13.1645],[-13.3213,13.191],[-13.3315,13.2145],[-13.3284,13.2286],[-13.3526,13.2495],[-13.3662,13.2488],[-13.3768,13.2764],[-13.3776,13.2918],[-13.3557,13.3249],[-13.3646,13.341],[-13.3967,13.3311],[-13.4761,13.3385],[-13.4853,13.333],[-13.4938,13.3093],[-13.5065,13.3044],[-13.4999,13.3258],[-13.5126,13.3299],[-13.5475,13.3174],[-13.5581,13.2994],[-13.568,13.2976],[-13.5856,13.3082],[-13.5823,13.3249],[-13.5995,13.3133],[-13.6001,13.2598],[-13.6232,13.2491],[-13.6228,13.2401],[-13.6412,13.2414],[-13.6485,13.2464],[-13.6578,13.2735],[-13.6903,13.2941],[-13.688,13.3249],[-13.7046,13.341],[-13.6924,13.3622],[-13.6955,13.3721],[-13.7511,13.3684],[-13.7701,13.3746],[-13.771,13.3836],[-13.7596,13.3997],[-13.7569,13.4282],[-13.7288,13.4637],[-13.7639,13.4776],[-13.7947,13.4683],[-13.8076,13.4743],[-13.8101,13.4858],[-13.8008,13.5014],[-13.7984,13.534],[-13.8296,13.5356],[-13.8436,13.5155],[-13.8825,13.5038],[-13.9013,13.5416],[-13.9181,13.555],[-13.9885,13.5791],[-14.034,13.5602],[-14.0929,13.5547],[-14.1391,13.5316],[-14.1968,13.5188],[-14.2712,13.477],[-14.3299,13.4564],[-14.3656,13.4548],[-14.4703,13.5224],[-14.4869,13.5465],[-14.5097,13.6091],[-14.5232,13.6257],[-14.5855,13.6605],[-14.6267,13.6635],[-14.6672,13.6529],[-14.7409,13.6154],[-14.796,13.6447],[-14.8313,13.7356],[-14.8603,13.7656],[-14.8382,13.8092],[-14.8126,13.84],[-14.7157,13.8633],[-14.6287,13.9391],[-14.6185,13.9987],[-14.5947,14.0104],[-14.5864,14.0236],[-14.5774,14.0816],[-14.5886,14.1456],[-14.593,14.2216],[-14.6337,14.3226],[-14.633,14.5109],[-14.5087,14.5403],[-14.4609,14.5735],[-14.4311,14.6079],[-14.3979,14.6308],[-14.3566,14.6437],[-14.313,14.604],[-14.3042,14.5852],[-14.2695,14.5625],[-13.8341,14.4018],[-13.7849,14.3943],[-13.5112,14.3985],[-13.2375,14.5871],[-13.2189,14.5946],[-12.9488,14.5462],[-12.7555,14.5655],[-12.7308,14.5847],[-12.6489,14.7063],[-12.5726,14.8937],[-12.5705,14.9102],[-12.5824,14.9495],[-12.6896,15.0925],[-12.6323,15.1054],[-12.6021,15.0788],[-12.5296,15.0344],[-12.4849,15.0173],[-12.4715,14.998],[-12.4476,14.9074],[-12.3825,14.846],[-12.3196,14.8172],[-12.2641,14.7749]]]}},{"type":"Feature","properties":{"iso":"GIN","nom":"Koundara","id":"GIN-5646"},"geometry":{"type":"Polygon","coordinates":[[[-13.4048,12.6618],[-13.3386,12.6392],[-13.2841,12.6533],[-13.2547,12.6418],[-13.2215,12.6484],[-13.2019,12.6334],[-13.1692,12.6388],[-13.1547,12.6328],[-13.1453,12.6439],[-13.1273,12.6348],[-13.0765,12.6359],[-13.0636,12.6223],[-13.0593,12.6035],[-13.0642,12.5662],[-13.0827,12.5157],[-13.0667,12.4801],[-13.052,12.4723],[-12.981,12.467],[-12.9695,12.4768],[-12.9495,12.5359],[-12.9131,12.5363],[-12.874,12.5164],[-12.8492,12.495],[-12.8491,12.4758],[-12.8386,12.4664],[-12.7835,12.4531],[-12.7733,12.4351],[-12.6675,12.4337],[-12.6316,12.4127],[-12.6034,12.3819],[-12.5937,12.3616],[-12.5781,12.3615],[-12.7136,12.279],[-12.7901,12.2482],[-12.7989,12.2397],[-12.8277,12.1542],[-12.8666,12.1045],[-12.8948,12.0852],[-12.9602,12.0822],[-13.0047,12.0422],[-13.0181,12.0169],[-13.2111,12.0154],[-13.2642,12.0301],[-13.2751,12.0484],[-13.2768,12.0885],[-13.2902,12.0963],[-13.3021,12.0953],[-13.296,12.0665],[-13.3076,12.0652],[-13.3271,12.0809],[-13.3418,12.1049],[-13.3444,12.1201],[-13.3335,12.1859],[-13.3459,12.2169],[-13.3879,12.256],[-13.3905,12.2713],[-13.3712,12.2879],[-13.3776,12.3014],[-13.398,12.3109],[-13.4213,12.3089],[-13.4447,12.2774],[-13.4846,12.3098],[-13.4772,12.2722],[-13.5333,12.2899],[-13.538,12.2803],[-13.5712,12.2811],[-13.5936,12.2639],[-13.667,12.2321],[-13.6953,12.2925],[-13.683,12.3387],[-13.6841,12.392],[-13.6607,12.4587],[-13.6747,12.4961],[-13.7251,12.5581],[-13.7346,12.5853],[-13.7283,12.6734],[-13.4048,12.6618]]]}},{"type":"Feature","properties":{"iso":"SEN","nom":"Kolda","id":"SEN-774"},"geometry":{"type":"Polygon","coordinates":[[[-13.3598,12.6497],[-13.4048,12.6618],[-13.7283,12.6734],[-15.1462,12.6792],[-15.1543,12.7406],[-15.1308,12.8023],[-15.1308,12.8844],[-15.169,12.9373],[-15.169,12.9989],[-15.2365,13.0429],[-15.2424,13.0987],[-15.2776,13.175],[-15.3245,13.1838],[-15.3597,13.2073],[-15.3656,13.2425],[-15.3451,13.3188],[-15.3424,13.3626],[-15.2771,13.3803],[-15.2483,13.399],[-15.2278,13.4252],[-15.218,13.5147],[-15.1605,13.581],[-15.1377,13.59],[-15.0151,13.4957],[-14.9497,13.4631],[-14.8626,13.4471],[-14.8291,13.427],[-14.7903,13.4173],[-14.7316,13.359],[-14.6981,13.3452],[-14.6616,13.3409],[-14.5922,13.3531],[-14.5296,13.3073],[-14.4703,13.2983],[-14.4314,13.2614],[-14.3688,13.2357],[-14.2849,13.2385],[-14.2306,13.2286],[-14.2017,13.2296],[-14.1168,13.2822],[-14.0995,13.282],[-14.0566,13.2972],[-14.0163,13.2976],[-13.9761,13.3082],[-13.9006,13.3146],[-13.851,13.3358],[-13.8226,13.3782],[-13.8187,13.4294],[-13.8427,13.4766],[-13.8825,13.5038],[-13.8436,13.5155],[-13.8296,13.5356],[-13.8029,13.5356],[-13.7957,13.5303],[-13.8008,13.5014],[-13.8101,13.4858],[-13.8076,13.4743],[-13.7947,13.4683],[-13.7639,13.4776],[-13.7288,13.4637],[-13.7569,13.4282],[-13.7596,13.3997],[-13.771,13.3836],[-13.7701,13.3746],[-13.7511,13.3684],[-13.7009,13.3738],[-13.6922,13.3686],[-13.7046,13.341],[-13.688,13.3249],[-13.6903,13.2941],[-13.6578,13.2735],[-13.6485,13.2464],[-13.615,13.233],[-13.6141,13.1638],[-13.607,13.1304],[-13.6,13.1155],[-13.572,13.09],[-13.5703,13.0663],[-13.5293,13.0291],[-13.5306,13.0064],[-13.5117,12.9964],[-13.5072,12.9654],[-13.5121,12.9459],[-13.5004,12.9152],[-13.473,12.8918],[-13.4651,12.8608],[-13.4708,12.8522],[-13.4854,12.8515],[-13.4769,12.8405],[-13.4884,12.8061],[-13.4727,12.7707],[-13.4808,12.7089],[-13.4664,12.6946],[-13.4429,12.6844],[-13.407,12.6822],[-13.3779,12.6906],[-13.3646,12.6847],[-13.3566,12.6653],[-13.3598,12.6497]]]}},{"type":"Feature","properties":{"iso":"GIN","nom":"Mali","id":"GIN-5652"},"geometry":{"type":"Polygon","coordinates":[[[-11.5154,12.4316],[-11.4816,12.4282],[-11.416,12.405],[-11.3884,12.4039],[-11.3886,12.3845],[-11.4317,12.383],[-11.4472,12.3745],[-11.4515,12.3521],[-11.4446,12.2895],[-11.4632,12.25],[-11.4917,12.2209],[-11.5078,12.1916],[-11.4896,12.1512],[-11.4708,12.1346],[-11.4732,12.0566],[-11.5182,11.9635],[-11.5453,11.8883],[-11.5904,11.8463],[-11.6264,11.7291],[-11.7406,11.7261],[-11.8067,11.7141],[-11.8819,11.6839],[-11.8923,11.6739],[-11.9306,11.6732],[-11.9565,11.6529],[-12.026,11.654],[-12.0771,11.663],[-12.1101,11.6901],[-12.1702,11.7111],[-12.2002,11.7291],[-12.8087,11.7222],[-12.8151,11.7884],[-12.8062,11.8354],[-12.7807,11.8855],[-12.7817,11.8998],[-12.8018,11.9277],[-12.8147,11.9248],[-12.839,11.8979],[-12.8586,11.9037],[-12.8627,11.9154],[-12.8238,11.992],[-12.8074,12.0997],[-12.814,12.1307],[-12.8277,12.1542],[-12.8255,12.1642],[-12.7989,12.2397],[-12.7764,12.2568],[-12.7136,12.279],[-12.5781,12.3615],[-12.5051,12.3903],[-12.4234,12.3691],[-12.4055,12.3565],[-12.3771,12.3137],[-12.3609,12.3056],[-12.192,12.3488],[-12.104,12.4074],[-12.0792,12.4081],[-11.9976,12.3864],[-11.9239,12.4188],[-11.8396,12.3867],[-11.7578,12.3833],[-11.72,12.3895],[-11.6431,12.4176],[-11.5154,12.4316]]]}},{"type":"Feature","properties":{"iso":"MLI","nom":"Timbuktu","id":"MLI-2688"},"geometry":{"type":"Polygon","coordinates":[[[-4.8216,24.9951],[-4.516,24.804],[0.0037,21.8489],[-0.2219,21.153],[-1.3208,20.2818],[-2.0434,19.9155],[-1.4197,19.4107],[-0.9643,19.0642],[-0.8852,18.9553],[-0.9347,17.8861],[-1.6302,17.5634],[-1.7069,17.5145],[-1.6094,17.1253],[-1.6211,17.0769],[-1.6085,17.0357],[-0.8181,16.962],[-0.7171,16.9499],[-0.683,16.9329],[-0.6871,16.7379],[-0.71,16.6129],[-0.694,16.047],[-0.646,15.805],[-0.5591,15.4483],[-0.5003,15.0797],[-0.7197,15.0785],[-0.7529,15.0697],[-0.7713,15.0566],[-1.214,15.1789],[-1.305,15.2629],[-1.386,15.322],[-1.495,15.375],[-1.686,15.4309],[-1.817,15.426],[-1.914,15.4339],[-1.989,15.4279],[-2.147,15.4069],[-2.33,15.339],[-2.4501,15.304],[-2.532,15.322],[-2.597,15.3689],[-2.754,15.64],[-2.772,15.7169],[-2.924,15.8539],[-2.962,15.86],[-3.041,15.84],[-3.156,15.8329],[-3.1641,15.8779],[-3.202,15.8949],[-3.243,15.866],[-3.33,15.7709],[-3.4211,15.7729],[-3.4821,15.7329],[-3.497,15.688],[-3.49,15.6],[-3.524,15.5709],[-3.597,15.5389],[-3.642,15.4909],[-3.73,15.5079],[-3.845,15.4939],[-3.848,15.607],[-3.869,15.672],[-3.955,15.735],[-3.983,15.825],[-4.1351,15.8099],[-4.164,15.7909],[-4.239,15.7189],[-4.377,15.7049],[-4.45,15.6559],[-4.688,15.581],[-5.004,15.6029],[-5.092,15.5989],[-5.151,15.6089],[-5.23,15.674],[-5.3571,15.553],[-5.5088,15.5069],[-5.3533,16.312],[-5.3649,16.3349],[-5.6059,16.4959],[-5.6233,16.5278],[-5.9491,19.4956],[-6.5931,24.9941],[-4.8216,24.9951]]]}},{"type":"Feature","properties":{"iso":"MLI","nom":"Gao","id":"MLI-2690"},"geometry":{"type":"Polygon","coordinates":[[[-0.3977,15.0021],[-0.4257,15.0026],[-0.4586,15.0755],[-0.5003,15.0797],[-0.5591,15.4483],[-0.646,15.805],[-0.694,16.047],[-0.71,16.6129],[-0.6871,16.7379],[-0.683,16.9329],[-0.7171,16.9499],[-0.8181,16.962],[-1.6085,17.0357],[-1.6211,17.0769],[-1.6094,17.1253],[-1.7069,17.5145],[-1.6302,17.5634],[-0.9347,17.8861],[-0.8852,18.9553],[0.0652,18.7078],[0.3622,18.3514],[0.5701,18.1336],[1.2037,17.6287],[1.7976,17.7574],[1.9758,17.9752],[4.2324,17.9752],[4.2356,16.9959],[4.2037,16.9828],[4.1978,16.9652],[4.202,16.8489],[4.182,16.8096],[4.184,16.4161],[4.1759,16.3926],[4.0948,16.3408],[4.0606,16.2983],[3.9712,16.0861],[3.9669,16.0585],[3.9708,16.0309],[3.9845,15.9988],[3.9832,15.984],[3.9251,15.9276],[3.9099,15.9048],[3.8945,15.7887],[3.8712,15.7148],[3.8461,15.6853],[3.8084,15.6656],[3.7289,15.6509],[3.6922,15.6314],[3.6141,15.5477],[3.5265,15.496],[3.5165,15.4692],[3.5071,15.354],[3.073,15.4272],[3.0335,15.4265],[3.0103,15.4177],[3.0002,15.3391],[1.3315,15.2836],[1.2978,15.2757],[1.2709,15.2599],[0.9737,14.9913],[0.9221,14.974],[0.7692,14.9691],[0.6838,14.9409],[0.6701,14.9397],[0.5148,14.9936],[0.4835,14.9921],[0.387,14.9632],[0.3532,14.9634],[0.2213,14.9959],[0.2132,14.9854],[0.2185,14.911],[-0.0334,14.9959],[-0.167,15.0497],[-0.2367,15.0656],[-0.2992,15.0547],[-0.3977,15.0021]]]}},{"type":"Feature","properties":{"iso":"MLI","nom":"Mopti","id":"MLI-2809"},"geometry":{"type":"Polygon","coordinates":[[[-1.0431,14.8181],[-1.1167,14.7804],[-1.3077,14.7347],[-1.3503,14.715],[-1.6969,14.4961],[-1.7667,14.4832],[-1.837,14.4796],[-1.967,14.4837],[-1.9971,14.4707],[-2.005,14.4442],[-2.0234,14.1986],[-2.0359,14.1812],[-2.1043,14.1512],[-2.1519,14.1561],[-2.3856,14.2647],[-2.4617,14.2809],[-2.5161,14.2679],[-2.5974,14.2223],[-2.6932,14.1232],[-2.8409,14.043],[-2.8673,14.0005],[-2.8554,13.9962],[-2.8945,13.8666],[-2.9281,13.7996],[-2.9234,13.746],[-2.8952,13.6516],[-2.9723,13.6245],[-2.9948,13.635],[-3.0191,13.6375],[-3.0675,13.6068],[-3.0822,13.6462],[-3.1251,13.6773],[-3.1958,13.6749],[-3.2404,13.708],[-3.2671,13.717],[-3.287,13.6978],[-3.2663,13.6823],[-3.2597,13.6583],[-3.2639,13.6027],[-3.284,13.5422],[-3.2486,13.2928],[-3.2624,13.2839],[-3.4265,13.2742],[-3.4485,13.2658],[-3.4523,13.2375],[-3.4395,13.1849],[-3.4495,13.1688],[-3.4616,13.1658],[-3.545,13.1745],[-3.57,13.1968],[-3.5969,13.1994],[-3.7986,13.3471],[-3.8926,13.3789],[-3.9484,13.3808],[-3.984,13.3965],[-3.9427,13.4319],[-3.9186,13.4403],[-3.918,13.4511],[-3.9561,13.4617],[-3.9593,13.4679],[-3.9655,13.4892],[-3.9601,13.4977],[-3.958,13.598],[-4.01,13.6999],[-4.0411,13.8389],[-4.086,13.927],[-4.114,13.938],[-4.169,13.9229],[-4.283,13.836],[-4.368,13.6909],[-4.387,13.6469],[-4.511,13.6259],[-4.603,13.5749],[-4.683,13.635],[-4.734,13.6239],[-4.7701,13.632],[-4.797,13.6259],[-4.855,13.5889],[-4.877,13.6369],[-4.878,13.6939],[-4.857,13.779],[-4.8831,13.8249],[-4.882,13.853],[-4.855,13.877],[-4.842,13.9289],[-4.854,13.9689],[-4.899,13.971],[-5.0511,13.9459],[-5.126,13.957],[-5.208,13.9899],[-5.214,14.0359],[-5.187,14.1709],[-5.283,14.2989],[-5.664,14.532],[-5.662,14.559],[-5.621,14.5909],[-5.613,14.6609],[-5.594,14.686],[-5.607,14.7629],[-5.572,14.844],[-5.546,14.9309],[-5.503,14.935],[-5.349,14.9759],[-5.272,14.9729],[-5.208,15.0239],[-5.1,15.1959],[-5.155,15.356],[-5.184,15.4709],[-5.202,15.487],[-5.234,15.4949],[-5.343,15.499],[-5.3571,15.553],[-5.23,15.674],[-5.151,15.6089],[-5.092,15.5989],[-5.004,15.6029],[-4.688,15.581],[-4.45,15.6559],[-4.377,15.7049],[-4.239,15.7189],[-4.164,15.7909],[-4.1351,15.8099],[-3.983,15.825],[-3.955,15.735],[-3.869,15.672],[-3.848,15.607],[-3.845,15.4939],[-3.73,15.5079],[-3.642,15.4909],[-3.597,15.5389],[-3.524,15.5709],[-3.49,15.6],[-3.497,15.688],[-3.4821,15.7329],[-3.4211,15.7729],[-3.33,15.7709],[-3.243,15.866],[-3.202,15.8949],[-3.1641,15.8779],[-3.156,15.8329],[-3.041,15.84],[-2.962,15.86],[-2.924,15.8539],[-2.772,15.7169],[-2.754,15.64],[-2.597,15.3689],[-2.532,15.322],[-2.4501,15.304],[-2.33,15.339],[-2.147,15.4069],[-1.989,15.4279],[-1.914,15.4339],[-1.817,15.426],[-1.686,15.4309],[-1.495,15.375],[-1.386,15.322],[-1.305,15.2629],[-1.214,15.1789],[-0.7713,15.0566],[-1.0431,14.8181]]]}},{"type":"Feature","properties":{"iso":"MLI","nom":"Ségou","id":"MLI-2810"},"geometry":{"type":"Polygon","coordinates":[[[-3.9655,13.4892],[-3.9813,13.499],[-3.998,13.4805],[-3.9716,13.47],[-3.9769,13.4606],[-4.0054,13.4395],[-4.0282,13.4315],[-4.0435,13.4145],[-4.0875,13.398],[-4.1043,13.3827],[-4.1316,13.3238],[-4.166,13.2782],[-4.1769,13.2724],[-4.2055,13.273],[-4.2388,13.2468],[-4.2581,13.2141],[-4.23,13.1931],[-4.2278,13.1844],[-4.2348,13.1756],[-4.3102,13.1756],[-4.327,13.1686],[-4.3511,13.1183],[-4.3511,13.1061],[-4.3164,13.0709],[-4.2897,13.0135],[-4.2293,12.949],[-4.2213,12.9213],[-4.2246,12.8645],[-4.2133,12.8072],[-4.2341,12.7424],[-4.244,12.7299],[-4.2763,12.7147],[-4.2972,12.7121],[-4.3394,12.7328],[-4.3689,12.739],[-4.402,12.7366],[-4.4644,12.7173],[-4.4827,12.7228],[-4.569,12.7199],[-4.585,12.704],[-4.612,12.7029],[-4.629,12.7559],[-4.6911,12.7399],[-4.755,12.661],[-4.776,12.623],[-4.813,12.6119],[-5.065,12.5749],[-5.098,12.5989],[-5.0951,12.6589],[-5.1321,12.7059],[-5.145,12.744],[-5.269,12.7959],[-5.297,12.7749],[-5.376,12.6799],[-5.406,12.6159],[-5.434,12.607],[-5.4941,12.66],[-5.503,12.7149],[-5.532,12.7359],[-5.565,12.8099],[-5.579,12.8169],[-5.896,12.6519],[-5.941,12.6549],[-5.971,12.674],[-5.9811,12.6729],[-6.004,12.6359],[-6.211,12.6049],[-6.261,12.5549],[-6.3541,12.5919],[-6.39,12.6999],[-6.423,12.697],[-6.469,12.681],[-6.487,12.6929],[-6.512,12.7659],[-6.625,12.8089],[-6.809,12.7829],[-6.851,12.7639],[-6.881,12.765],[-6.894,12.788],[-6.883,12.8509],[-6.886,12.9079],[-6.908,12.9279],[-6.957,12.929],[-7.019,12.9449],[-7.081,13.016],[-7.069,13.0509],[-7.033,13.087],[-7.021,13.1459],[-7.022,13.1819],[-6.9891,13.2439],[-6.971,13.3009],[-6.9261,13.342],[-6.867,13.36],[-6.774,13.366],[-6.7431,13.383],[-6.717,13.4519],[-6.728,13.47],[-6.764,13.4949],[-6.775,13.525],[-6.783,13.6239],[-6.9001,13.749],[-6.914,13.816],[-6.9001,13.998],[-6.751,14.2649],[-6.715,14.323],[-6.637,14.422],[-6.617,14.4699],[-6.582,14.4799],[-6.4591,14.4459],[-6.429,14.465],[-6.382,14.536],[-6.381,14.602],[-6.436,14.781],[-6.4851,14.8459],[-6.545,14.9439],[-6.528,14.9979],[-6.435,15.116],[-6.405,15.168],[-6.336,15.376],[-6.3201,15.4945],[-5.5117,15.4934],[-5.5088,15.5069],[-5.3571,15.553],[-5.343,15.499],[-5.234,15.4949],[-5.202,15.487],[-5.184,15.4709],[-5.155,15.356],[-5.1,15.1959],[-5.208,15.0239],[-5.272,14.9729],[-5.349,14.9759],[-5.503,14.935],[-5.546,14.9309],[-5.572,14.844],[-5.607,14.7629],[-5.594,14.686],[-5.613,14.6609],[-5.621,14.5909],[-5.662,14.559],[-5.664,14.532],[-5.283,14.2989],[-5.187,14.1709],[-5.214,14.0359],[-5.208,13.9899],[-5.126,13.957],[-5.0511,13.9459],[-4.899,13.971],[-4.854,13.9689],[-4.842,13.9289],[-4.855,13.877],[-4.882,13.853],[-4.8831,13.8249],[-4.857,13.779],[-4.878,13.6939],[-4.877,13.6369],[-4.855,13.5889],[-4.797,13.6259],[-4.7701,13.632],[-4.734,13.6239],[-4.683,13.635],[-4.603,13.5749],[-4.511,13.6259],[-4.387,13.6469],[-4.368,13.6909],[-4.283,13.836],[-4.169,13.9229],[-4.114,13.938],[-4.086,13.927],[-4.0411,13.8389],[-4.01,13.6999],[-3.958,13.598],[-3.9601,13.4977],[-3.9655,13.4892]]]}},{"type":"Feature","properties":{"iso":"MLI","nom":"Sikasso","id":"MLI-2794"},"geometry":{"type":"Polygon","coordinates":[[[-4.4644,12.7173],[-4.4853,12.7147],[-4.4913,12.6628],[-4.4825,12.6463],[-4.4225,12.5972],[-4.4014,12.5504],[-4.3872,12.534],[-4.3934,12.5164],[-4.4437,12.4594],[-4.4516,12.4353],[-4.4154,12.3503],[-4.4061,12.3075],[-4.4358,12.3017],[-4.4625,12.3282],[-4.4882,12.3207],[-4.4935,12.2728],[-4.5855,12.1972],[-4.5605,12.1495],[-4.5702,12.1389],[-4.6003,12.1376],[-4.6361,12.1176],[-4.6537,12.0691],[-4.6736,12.0597],[-4.7146,12.059],[-4.7469,12.0151],[-4.7613,12.0066],[-4.8068,11.9963],[-4.8262,12.0127],[-4.8472,12.0131],[-4.89,11.9979],[-4.9538,12.0051],[-5.0047,11.9807],[-5.0893,11.9793],[-5.137,11.9531],[-5.1678,11.9437],[-5.2482,11.8704],[-5.2752,11.8374],[-5.3065,11.846],[-5.319,11.8374],[-5.3538,11.8317],[-5.3699,11.8202],[-5.3923,11.8324],[-5.4124,11.8285],[-5.406,11.8123],[-5.3706,11.7911],[-5.3343,11.7908],[-5.299,11.7727],[-5.2871,11.7589],[-5.2795,11.739],[-5.2807,11.6995],[-5.2893,11.6604],[-5.3078,11.629],[-5.3076,11.6176],[-5.3,11.6064],[-5.2695,11.6041],[-5.2339,11.576],[-5.2247,11.5408],[-5.2246,11.458],[-5.2183,11.4222],[-5.2635,11.3902],[-5.2679,11.372],[-5.2629,11.2516],[-5.3067,11.1994],[-5.3223,11.1355],[-5.3325,11.1216],[-5.3901,11.0947],[-5.4898,11.0821],[-5.5042,11.0727],[-5.5073,11.0569],[-5.4956,10.9962],[-5.5018,10.9702],[-5.4791,10.9755],[-5.4314,10.8447],[-5.4465,10.7687],[-5.468,10.7527],[-5.4826,10.6842],[-5.4759,10.6504],[-5.4606,10.6446],[-5.4774,10.6196],[-5.4786,10.6042],[-5.4681,10.5878],[-5.4817,10.5353],[-5.509,10.4909],[-5.5226,10.4255],[-5.5717,10.4499],[-5.594,10.4539],[-5.8063,10.4135],[-5.8781,10.3761],[-5.9048,10.3483],[-5.909,10.3301],[-5.9047,10.2753],[-5.9164,10.2666],[-5.963,10.2827],[-5.9747,10.2736],[-5.9852,10.2273],[-6.0159,10.1899],[-6.1053,10.1893],[-6.1809,10.2158],[-6.2248,10.255],[-6.24,10.2519],[-6.2407,10.3026],[-6.2283,10.3161],[-6.2144,10.3078],[-6.2062,10.3108],[-6.2083,10.332],[-6.1839,10.3589],[-6.1988,10.3708],[-6.1806,10.4202],[-6.2004,10.4488],[-6.1858,10.4813],[-6.1903,10.4911],[-6.2224,10.4946],[-6.2387,10.5127],[-6.2613,10.5141],[-6.2562,10.5372],[-6.2314,10.5602],[-6.2387,10.598],[-6.2098,10.6178],[-6.2044,10.6296],[-6.2169,10.6451],[-6.2466,10.6576],[-6.2458,10.7207],[-6.256,10.7265],[-6.28,10.7233],[-6.3417,10.6914],[-6.4098,10.6944],[-6.427,10.6861],[-6.434,10.6679],[-6.4359,10.6287],[-6.4307,10.615],[-6.3992,10.5925],[-6.4028,10.5691],[-6.4215,10.5566],[-6.446,10.5523],[-6.5376,10.5697],[-6.5986,10.6049],[-6.6136,10.6185],[-6.634,10.653],[-6.6471,10.6613],[-6.6692,10.6542],[-6.689,10.6079],[-6.6911,10.5894],[-6.6828,10.566],[-6.6975,10.4883],[-6.6958,10.4712],[-6.6831,10.4517],[-6.6478,10.4327],[-6.6479,10.4219],[-6.664,10.398],[-6.6689,10.361],[-6.6774,10.349],[-6.7003,10.3417],[-6.7226,10.344],[-6.7821,10.373],[-6.8039,10.3709],[-6.8628,10.3438],[-6.9612,10.3449],[-6.9731,10.3323],[-6.9971,10.2528],[-6.9949,10.2394],[-6.9616,10.211],[-6.9594,10.1855],[-6.9716,10.1644],[-7.0158,10.1409],[-7.0405,10.1401],[-7.0895,10.1976],[-7.1064,10.2073],[-7.2047,10.2345],[-7.3634,10.2522],[-7.3718,10.2645],[-7.3663,10.3294],[-7.3723,10.3448],[-7.395,10.3462],[-7.4444,10.3342],[-7.4447,10.3608],[-7.4655,10.3986],[-7.4662,10.4295],[-7.4802,10.4503],[-7.5015,10.4586],[-7.5158,10.4578],[-7.5396,10.4276],[-7.5564,10.4173],[-7.6078,10.4187],[-7.6437,10.4405],[-7.6644,10.4371],[-7.679,10.4059],[-7.7086,10.4025],[-7.7223,10.3913],[-7.7223,10.3845],[-7.736,10.3783],[-7.724,10.3636],[-7.7353,10.3471],[-7.7776,10.3299],[-7.7644,10.3129],[-7.7783,10.2783],[-7.7977,10.2603],[-7.829,10.2117],[-7.8474,10.1979],[-7.8828,10.1908],[-7.929,10.161],[-7.9709,10.1551],[-7.9897,10.162],[-7.968,10.21],[-7.9646,10.2589],[-7.9815,10.307],[-7.9963,10.3283],[-8.0157,10.3393],[-8.0961,10.3467],[-8.1155,10.3602],[-8.1254,10.4117],[-8.1354,10.4273],[-8.189,10.4136],[-8.2106,10.4141],[-8.2289,10.4234],[-8.2955,10.5374],[-8.3111,10.7353],[-8.3156,10.7531],[-8.3419,10.7632],[-8.3398,10.7839],[-8.3189,10.8395],[-8.3059,10.8563],[-8.3036,10.8749],[-8.3051,10.9782],[-8.3111,11.0008],[-8.3266,11.0238],[-8.3693,11.0542],[-8.4105,11.0419],[-8.4382,11.0497],[-8.469,11.0464],[-8.5058,11.0528],[-8.5416,10.9838],[-8.5595,10.9716],[-8.5933,10.9647],[-8.648,10.9658],[-8.6809,10.9523],[-8.6962,10.9627],[-8.7007,10.9785],[-8.6969,10.996],[-8.6798,11.0252],[-8.6337,11.0713],[-8.6231,11.0913],[-8.6246,11.122],[-8.6154,11.1341],[-8.5782,11.1421],[-8.5639,11.1934],[-8.5518,11.2107],[-8.4988,11.2335],[-8.5031,11.2554],[-8.4926,11.2778],[-8.4832,11.2849],[-8.4067,11.2753],[-8.3884,11.2814],[-8.3767,11.2947],[-8.371,11.3206],[-8.418,11.3255],[-8.4261,11.3405],[-8.4141,11.3535],[-8.3753,11.3677],[-8.4277,11.4001],[-8.5276,11.4234],[-8.5394,11.4563],[-8.488,11.5159],[-8.4311,11.642],[-8.397,11.659],[-8.3331,11.6569],[-8.206,11.7049],[-8.155,11.7069],[-8.071,11.686],[-8.035,11.7069],[-7.963,11.7779],[-7.937,11.787],[-7.862,11.8429],[-7.748,11.905],[-7.576,11.9809],[-7.544,12.0059],[-7.48,12.1479],[-7.319,12.227],[-7.303,12.254],[-7.289,12.3059],[-7.212,12.348],[-7.171,12.4129],[-7.1161,12.4329],[-7.104,12.4039],[-7.0871,12.295],[-7.05,12.173],[-7.0481,12.1379],[-7.08,12.067],[-7.079,12.012],[-7.044,11.979],[-7.015,11.9659],[-6.968,11.978],[-6.949,11.955],[-6.947,11.862],[-6.897,11.871],[-6.871,11.862],[-6.841,11.8249],[-6.7691,11.807],[-6.64,11.7479],[-6.553,11.746],[-6.536,11.7279],[-6.543,11.6699],[-6.498,11.6499],[-6.469,11.653],[-6.446,11.7019],[-6.396,11.845],[-6.334,11.905],[-6.347,12.0269],[-6.3021,12.073],[-6.252,12.0769],[-6.201,12.0579],[-6.1531,12.013],[-6.141,12.0229],[-6.145,12.093],[-6.117,12.107],[-6.087,12.1049],[-6.0181,12.1249],[-5.982,12.1219],[-5.945,12.2119],[-5.951,12.2999],[-5.98,12.3129],[-6.07,12.308],[-6.1031,12.324],[-6.122,12.3669],[-6.175,12.4069],[-6.211,12.4009],[-6.211,12.4279],[-6.225,12.463],[-6.2271,12.502],[-6.261,12.5549],[-6.211,12.6049],[-6.004,12.6359],[-5.9811,12.6729],[-5.971,12.674],[-5.941,12.6549],[-5.896,12.6519],[-5.579,12.8169],[-5.565,12.8099],[-5.532,12.7359],[-5.503,12.7149],[-5.4941,12.66],[-5.434,12.607],[-5.406,12.6159],[-5.376,12.6799],[-5.297,12.7749],[-5.269,12.7959],[-5.145,12.744],[-5.1321,12.7059],[-5.0951,12.6589],[-5.098,12.5989],[-5.065,12.5749],[-4.813,12.6119],[-4.776,12.623],[-4.755,12.661],[-4.6911,12.7399],[-4.629,12.7559],[-4.612,12.7029],[-4.585,12.704],[-4.569,12.7199],[-4.4827,12.7228],[-4.4644,12.7173]]]}},{"type":"Feature","properties":{"iso":"GIN","nom":"Macenta","id":"GIN-5651"},"geometry":{"type":"Polygon","coordinates":[[[-9.7221,8.4356],[-9.7463,8.4681],[-9.7573,8.5327],[-9.7736,8.563],[-9.7906,8.5654],[-9.79,8.5531],[-9.8089,8.5285],[-9.8068,8.5063],[-9.8586,8.4871],[-9.8728,8.5004],[-9.9199,8.6917],[-9.9079,8.7547],[-9.8748,8.7878],[-9.7937,8.8269],[-9.77,8.9003],[-9.5926,8.86],[-9.5232,8.8721],[-9.4217,8.9287],[-9.3623,8.9933],[-9.3509,9.0588],[-9.3361,9.0897],[-9.2883,9.0816],[-9.2712,8.999],[-9.2398,8.9192],[-9.1486,8.9107],[-8.9691,8.9619],[-8.9675,8.7457],[-8.9525,8.7007],[-8.9044,8.6346],[-8.8714,8.5504],[-8.8563,8.4633],[-8.8744,8.3972],[-8.9104,8.2981],[-8.9405,8.274],[-8.9885,8.1809],[-9.0096,8.1118],[-9.0525,8.0825],[-9.1088,7.9936],[-9.1759,7.9447],[-9.1943,7.9039],[-9.3026,7.8113],[-9.3289,7.7546],[-9.3467,7.7604],[-9.3678,7.7575],[-9.4387,7.8662],[-9.4484,7.9078],[-9.446,7.9501],[-9.4246,8.0058],[-9.4241,8.0262],[-9.4409,8.0506],[-9.4515,8.0518],[-9.4742,8.0288],[-9.4598,8.0688],[-9.4814,8.1647],[-9.5156,8.1749],[-9.5301,8.1855],[-9.5319,8.2123],[-9.5254,8.2408],[-9.5092,8.2656],[-9.5394,8.3146],[-9.4991,8.3435],[-9.5291,8.3663],[-9.5792,8.3873],[-9.6002,8.4109],[-9.6195,8.3927],[-9.6773,8.3915],[-9.6759,8.4096],[-9.6451,8.4434],[-9.6505,8.4648],[-9.6835,8.4871],[-9.7033,8.4873],[-9.7155,8.4733],[-9.7221,8.4356]]]}},{"type":"Feature","properties":{"iso":"GIN","nom":"Yomou","id":"GIN-5659"},"geometry":{"type":"Polygon","coordinates":[[[-9.4866,7.3728],[-9.4907,7.376],[-9.4735,7.3956],[-9.4662,7.4334],[-9.4361,7.4586],[-9.4134,7.4923],[-9.4049,7.5136],[-9.4087,7.5274],[-9.3837,7.5595],[-9.373,7.6013],[-9.3535,7.6224],[-9.3747,7.6469],[-9.3762,7.6806],[-9.3555,7.7419],[-9.3678,7.7575],[-9.3467,7.7604],[-9.3289,7.7546],[-9.3026,7.8113],[-9.1943,7.9039],[-9.1759,7.9447],[-9.1088,7.9936],[-9.0694,8.0532],[-9.0148,8.0134],[-8.9931,7.9645],[-8.9822,7.8885],[-8.9388,7.8071],[-8.8845,7.666],[-8.8085,7.6335],[-8.7276,7.622],[-8.73,7.5874],[-8.7392,7.5657],[-8.7268,7.5518],[-8.7296,7.5087],[-8.7565,7.4724],[-8.7904,7.4508],[-8.7992,7.4122],[-8.8334,7.3939],[-8.8606,7.3576],[-8.8633,7.3299],[-8.8514,7.2929],[-8.8578,7.273],[-8.9122,7.2502],[-8.9254,7.2486],[-8.9444,7.2787],[-8.9572,7.2865],[-8.9626,7.263],[-8.9777,7.2662],[-8.981,7.2506],[-9.0157,7.2389],[-9.0329,7.2403],[-9.0731,7.2113],[-9.1139,7.2004],[-9.1254,7.1902],[-9.1161,7.2247],[-9.1196,7.238],[-9.1469,7.2541],[-9.1475,7.2714],[-9.1531,7.2755],[-9.1815,7.2757],[-9.2063,7.2984],[-9.2199,7.361],[-9.2343,7.3813],[-9.2995,7.3766],[-9.3194,7.412],[-9.3492,7.4216],[-9.3752,7.4193],[-9.4074,7.3781],[-9.4381,7.4216],[-9.4866,7.3728]]]}},{"type":"Feature","properties":{"iso":"GIN","nom":"Nzérékoré","id":"GIN-5655"},"geometry":{"type":"Polygon","coordinates":[[[-8.5674,7.6882],[-8.6866,7.6944],[-8.6945,7.6744],[-8.7207,7.6427],[-8.7276,7.622],[-8.8085,7.6335],[-8.8845,7.666],[-8.9388,7.8071],[-8.9822,7.8885],[-8.9931,7.9645],[-9.0148,8.0134],[-9.0694,8.0532],[-9.0525,8.0825],[-9.0096,8.1118],[-8.9885,8.1809],[-8.9405,8.274],[-8.9104,8.2981],[-8.8233,8.3191],[-8.7362,8.3582],[-8.652,8.3642],[-8.5889,8.3492],[-8.5499,8.3071],[-8.5379,8.271],[-8.4778,8.265],[-8.4447,8.241],[-8.4297,8.217],[-8.4447,8.1238],[-8.4748,8.0968],[-8.4898,8.0487],[-8.5229,7.9946],[-8.5499,7.9345],[-8.5499,7.8715],[-8.5108,7.7633],[-8.5319,7.7212],[-8.5674,7.6882]]]}},{"type":"Feature","properties":{"iso":"GIN","nom":"Gaoual","id":"GIN-5639"},"geometry":{"type":"Polygon","coordinates":[[[-13.8086,12.2561],[-13.7408,12.2569],[-13.7118,12.2675],[-13.6953,12.2925],[-13.667,12.2321],[-13.5936,12.2639],[-13.5712,12.2811],[-13.538,12.2803],[-13.5333,12.2899],[-13.4772,12.2722],[-13.4846,12.3098],[-13.4447,12.2774],[-13.4213,12.3089],[-13.398,12.3109],[-13.3776,12.3014],[-13.3712,12.2879],[-13.3905,12.2713],[-13.3879,12.256],[-13.3459,12.2169],[-13.3335,12.1859],[-13.3444,12.1201],[-13.3344,12.0908],[-13.3076,12.0652],[-13.296,12.0665],[-13.3021,12.0953],[-13.2902,12.0963],[-13.2768,12.0885],[-13.2751,12.0484],[-13.2642,12.0301],[-13.2111,12.0154],[-13.0181,12.0169],[-13.0047,12.0422],[-12.9602,12.0822],[-12.8948,12.0852],[-12.8666,12.1045],[-12.8277,12.1542],[-12.814,12.1307],[-12.8074,12.0997],[-12.8238,11.992],[-12.863,11.9089],[-12.839,11.8979],[-12.8147,11.9248],[-12.8018,11.9277],[-12.7817,11.8998],[-12.7807,11.8855],[-12.8062,11.8354],[-12.8151,11.7884],[-12.807,11.6964],[-12.8028,11.6868],[-12.7853,11.676],[-12.7723,11.6472],[-12.756,11.6293],[-12.7079,11.6067],[-12.7042,11.5662],[-12.7174,11.5507],[-12.7551,11.5316],[-12.8008,11.4691],[-12.881,11.427],[-12.9303,11.3854],[-12.9553,11.3169],[-12.9897,11.2562],[-12.9687,11.1685],[-13.0405,11.1717],[-13.0882,11.1535],[-13.1761,11.1327],[-13.2337,11.1303],[-13.2457,11.1424],[-13.2642,11.331],[-13.3954,11.3613],[-13.5511,11.3642],[-13.6054,11.3445],[-13.6386,11.3214],[-13.667,11.32],[-13.7071,11.3286],[-13.745,11.3225],[-13.7915,11.3061],[-13.8066,11.292],[-13.8407,11.3445],[-13.8827,11.3536],[-13.9098,11.3776],[-13.9338,11.4858],[-13.9698,11.5128],[-14.0209,11.5128],[-14.048,11.5338],[-14.048,11.5639],[-14.0239,11.5939],[-14.0151,11.6371],[-13.9454,11.6757],[-13.9237,11.665],[-13.9036,11.6654],[-13.8864,11.6756],[-13.8707,11.7041],[-13.8701,11.7437],[-13.8463,11.7373],[-13.843,11.7173],[-13.8201,11.7081],[-13.8217,11.6942],[-13.8158,11.6868],[-13.7957,11.684],[-13.7458,11.6982],[-13.7299,11.7098],[-13.7248,11.7231],[-13.7194,11.784],[-13.7346,11.9019],[-13.7239,12.0028],[-13.7349,12.0193],[-13.7796,12.0293],[-13.8078,12.0443],[-13.8424,12.0913],[-13.8697,12.1007],[-13.9184,12.1378],[-13.9725,12.1516],[-13.9657,12.1942],[-13.9439,12.2186],[-13.8832,12.2464],[-13.84,12.2771],[-13.8126,12.2836],[-13.7957,12.2787],[-13.8086,12.2561]]]}},{"type":"Feature","properties":{"iso":"GIN","nom":"Boke","id":"GIN-5629"},"geometry":{"type":"Polygon","coordinates":[[[-14.2897,11.6689],[-14.1618,11.6609],[-14.1349,11.6418],[-14.1186,11.638],[-14.0588,11.644],[-14.0151,11.6371],[-14.0239,11.5939],[-14.048,11.5639],[-14.048,11.5338],[-14.0209,11.5128],[-13.9698,11.5128],[-13.9338,11.4858],[-13.9098,11.3776],[-13.8827,11.3536],[-13.8407,11.3445],[-13.8066,11.292],[-13.8246,11.2752],[-13.8441,11.2718],[-13.8394,11.2618],[-13.8123,11.2552],[-13.7961,11.2362],[-13.7841,11.2209],[-13.7818,11.1856],[-13.7602,11.1645],[-13.7588,11.128],[-13.77,11.0774],[-13.8166,11.0368],[-13.8253,10.982],[-13.8601,10.8899],[-13.9305,10.8577],[-13.9897,10.8619],[-14.0402,10.7923],[-14.1003,10.7323],[-14.1445,10.6691],[-14.2072,10.6205],[-14.2763,10.5995],[-14.4055,10.5934],[-14.4596,10.5694],[-14.5356,10.5075],[-14.5514,10.5068],[-14.5828,10.4809],[-14.6135,10.4734],[-14.6443,10.4877],[-14.6512,10.4751],[-14.6578,10.4796],[-14.6647,10.5116],[-14.6505,10.5703],[-14.6394,10.5666],[-14.5964,10.6037],[-14.6206,10.6043],[-14.6287,10.6173],[-14.6152,10.6913],[-14.6073,10.7054],[-14.5902,10.6994],[-14.5883,10.7143],[-14.5685,10.731],[-14.5555,10.7757],[-14.5313,10.8235],[-14.5174,10.829],[-14.5097,10.8425],[-14.5139,10.8719],[-14.5002,10.8911],[-14.5199,10.8854],[-14.5214,10.8508],[-14.5735,10.8124],[-14.6297,10.7064],[-14.6579,10.6727],[-14.6998,10.6431],[-14.7057,10.6553],[-14.7037,10.6708],[-14.6981,10.6818],[-14.6783,10.6931],[-14.6918,10.6945],[-14.7057,10.6863],[-14.7194,10.6994],[-14.6991,10.7563],[-14.6514,10.81],[-14.6647,10.8166],[-14.7231,10.7651],[-14.7464,10.7108],[-14.7603,10.6994],[-14.7928,10.745],[-14.7951,10.7683],[-14.7816,10.7678],[-14.77,10.7769],[-14.7541,10.803],[-14.7405,10.8719],[-14.7589,10.8585],[-14.7726,10.8365],[-14.8087,10.8235],[-14.8091,10.8456],[-14.8013,10.8644],[-14.808,10.8825],[-14.7951,10.8986],[-14.8139,10.9003],[-14.8197,10.912],[-14.8087,10.9396],[-14.7318,10.9665],[-14.7163,11.001],[-14.6995,11.0055],[-14.6808,11.0275],[-14.6647,11.0358],[-14.6852,11.0637],[-14.695,11.0385],[-14.7268,11.0258],[-14.7415,10.9891],[-14.7568,10.9812],[-14.7746,10.988],[-14.8013,10.9805],[-14.7955,10.9997],[-14.8013,11.0119],[-14.8107,11.0145],[-14.8435,10.9675],[-14.8746,10.9733],[-14.8944,11.0303],[-14.9186,11.029],[-14.9015,11.0117],[-14.8988,10.9932],[-14.9111,10.96],[-14.932,10.9757],[-14.9596,10.9805],[-14.9144,10.9423],[-14.9111,10.9259],[-14.9398,10.8891],[-14.9581,10.8762],[-14.9801,10.875],[-14.9732,10.8542],[-14.9732,10.8201],[-14.9502,10.8038],[-14.9459,10.7928],[-14.9596,10.7683],[-15.0316,10.7928],[-15.0694,10.8371],[-15.0811,10.8782],[-15.0589,10.916],[-15.0278,10.9293],[-15.0148,10.9538],[-15.021,10.9675],[-14.9591,11.0358],[-14.8631,11.2186],[-14.8282,11.3348],[-14.7111,11.4976],[-14.6868,11.5107],[-14.6454,11.5151],[-14.5623,11.5056],[-14.5209,11.5129],[-14.3392,11.6106],[-14.3265,11.6206],[-14.3082,11.6545],[-14.2897,11.6689]]]}},{"type":"Feature","properties":{"iso":"GIN","nom":"Siguiri","id":"GIN-5657"},"geometry":{"type":"Polygon","coordinates":[[[-9.3273,12.4975],[-9.2941,12.4838],[-9.2789,12.4944],[-9.2659,12.4952],[-9.1473,12.4655],[-8.9938,12.3875],[-8.9759,12.3687],[-8.9647,12.3463],[-8.9631,12.3242],[-8.9959,12.261],[-8.9943,12.2248],[-8.9738,12.1876],[-8.942,12.1958],[-8.9139,12.1699],[-8.906,12.1477],[-8.907,12.1254],[-8.9263,12.0643],[-8.9221,12.0454],[-8.9037,12.0304],[-8.838,12.0282],[-8.8198,12.0127],[-8.8149,11.9554],[-8.7978,11.9251],[-8.8472,11.6579],[-8.8285,11.6592],[-8.7772,11.6359],[-8.7265,11.6495],[-8.7468,11.6229],[-8.7672,11.6101],[-8.7872,11.5579],[-8.8113,11.5267],[-8.8533,11.4287],[-8.8744,11.3385],[-8.8864,11.2304],[-8.9224,11.1312],[-8.9765,11.0802],[-9.0697,11.0171],[-9.2379,10.954],[-9.313,10.8999],[-9.3431,10.8668],[-9.6375,10.8638],[-9.6886,10.8729],[-9.7697,10.987],[-9.8087,11.0081],[-9.8328,11.0381],[-9.8418,11.1613],[-9.8598,11.2634],[-9.8748,11.3025],[-9.9259,11.3295],[-9.959,11.3656],[-10.0295,11.3775],[-10.0259,11.5449],[-10.0651,11.641],[-10.1505,11.7265],[-10.2077,11.8149],[-10.1833,11.8448],[-10.0829,11.8974],[-9.9939,11.9651],[-9.9547,12.0185],[-9.8888,12.0606],[-9.8707,12.0521],[-9.8337,12.0551],[-9.7786,12.0267],[-9.723,12.0254],[-9.6863,12.0682],[-9.6823,12.1185],[-9.6751,12.134],[-9.6282,12.1702],[-9.5156,12.2071],[-9.4796,12.2358],[-9.4389,12.2548],[-9.4215,12.2571],[-9.3602,12.2466],[-9.3368,12.2698],[-9.3319,12.2828],[-9.335,12.3065],[-9.3218,12.3102],[-9.3129,12.3261],[-9.3092,12.3577],[-9.3392,12.3706],[-9.3472,12.3965],[-9.3747,12.4111],[-9.4126,12.4554],[-9.3982,12.4732],[-9.3509,12.4846],[-9.3273,12.4975]]]}},{"type":"Feature","properties":{"iso":"MLI","nom":"Koulikoro","id":"MLI-4860"},"geometry":{"type":"Polygon","coordinates":[[[-8.9738,12.1876],[-8.9976,12.2348],[-8.9959,12.261],[-8.9631,12.3242],[-8.9647,12.3463],[-8.9938,12.3875],[-9.0278,12.4048],[-9.0101,12.4239],[-9.045,12.4469],[-9.003,12.523],[-8.924,12.586],[-8.891,12.65],[-8.854,12.6689],[-8.762,12.6899],[-8.723,12.714],[-8.682,12.7629],[-8.5982,12.8069],[-8.6342,12.8594],[-8.6337,12.8846],[-8.5793,12.9781],[-8.5713,13.0067],[-8.5788,13.0989],[-8.5643,13.133],[-8.5607,13.1967],[-8.5555,13.2177],[-8.5264,13.2596],[-8.4943,13.3658],[-8.4865,13.377],[-8.4618,13.3902],[-8.4515,13.4042],[-8.4488,13.4235],[-8.4566,13.463],[-8.4966,13.5083],[-8.5153,13.5456],[-8.5406,13.5687],[-8.5549,13.6834],[-8.5514,13.7036],[-8.5142,13.7443],[-8.4897,13.7881],[-8.4576,13.8231],[-8.4512,13.8757],[-8.4648,13.9227],[-8.4847,13.943],[-8.5119,13.9523],[-8.5661,13.9457],[-8.5927,13.8793],[-8.5938,13.8662],[-8.5797,13.8631],[-8.5926,13.8395],[-8.618,13.837],[-8.7039,13.8504],[-8.723,13.8657],[-8.7513,13.9166],[-8.7687,13.905],[-8.7874,13.932],[-8.8151,13.9422],[-8.8466,13.9687],[-8.8552,13.9892],[-8.8406,14.0039],[-8.8184,14.0576],[-8.8237,14.0926],[-8.8187,14.1062],[-8.797,14.1139],[-8.7647,14.109],[-8.7579,14.1374],[-8.764,14.1808],[-8.8094,14.2882],[-8.7221,14.2879],[-8.65,14.314],[-8.6171,14.36],[-8.594,14.408],[-8.571,14.4129],[-8.55,14.402],[-8.529,14.3799],[-8.499,14.3259],[-8.472,14.3009],[-8.443,14.2979],[-8.3261,14.3159],[-8.272,14.3049],[-8.162,14.32],[-8.1321,14.34],[-8.16,14.434],[-8.1501,14.488],[-8.164,14.5029],[-8.237,14.5199],[-8.3001,14.5809],[-8.463,14.6979],[-8.485,14.733],[-8.4751,14.8759],[-8.492,14.942],[-8.507,14.963],[-8.571,14.9759],[-8.677,14.982],[-8.741,15.026],[-8.788,15.143],[-8.796,15.2209],[-8.8041,15.245],[-8.849,15.2929],[-8.99,15.368],[-9.122,15.4739],[-9.1414,15.4956],[-6.3201,15.4945],[-6.336,15.376],[-6.405,15.168],[-6.435,15.116],[-6.528,14.9979],[-6.545,14.9439],[-6.4851,14.8459],[-6.436,14.781],[-6.381,14.602],[-6.382,14.536],[-6.429,14.465],[-6.4591,14.4459],[-6.582,14.4799],[-6.617,14.4699],[-6.637,14.422],[-6.715,14.323],[-6.751,14.2649],[-6.9001,13.998],[-6.914,13.816],[-6.9001,13.749],[-6.783,13.6239],[-6.775,13.525],[-6.764,13.4949],[-6.728,13.47],[-6.717,13.4519],[-6.7431,13.383],[-6.774,13.366],[-6.867,13.36],[-6.9261,13.342],[-6.971,13.3009],[-6.9891,13.2439],[-7.022,13.1819],[-7.021,13.1459],[-7.033,13.087],[-7.069,13.0509],[-7.081,13.016],[-7.019,12.9449],[-6.957,12.929],[-6.908,12.9279],[-6.886,12.9079],[-6.883,12.8509],[-6.894,12.788],[-6.881,12.765],[-6.851,12.7639],[-6.809,12.7829],[-6.625,12.8089],[-6.512,12.7659],[-6.487,12.6929],[-6.469,12.681],[-6.423,12.697],[-6.39,12.6999],[-6.3541,12.5919],[-6.261,12.5549],[-6.2271,12.502],[-6.225,12.463],[-6.211,12.4279],[-6.211,12.4009],[-6.175,12.4069],[-6.122,12.3669],[-6.1031,12.324],[-6.07,12.308],[-5.98,12.3129],[-5.951,12.2999],[-5.945,12.2119],[-5.982,12.1219],[-6.0181,12.1249],[-6.087,12.1049],[-6.117,12.107],[-6.145,12.093],[-6.141,12.0229],[-6.1531,12.013],[-6.201,12.0579],[-6.252,12.0769],[-6.3021,12.073],[-6.347,12.0269],[-6.334,11.905],[-6.396,11.845],[-6.446,11.7019],[-6.469,11.653],[-6.498,11.6499],[-6.543,11.6699],[-6.536,11.7279],[-6.553,11.746],[-6.64,11.7479],[-6.7691,11.807],[-6.841,11.8249],[-6.871,11.862],[-6.897,11.871],[-6.947,11.862],[-6.949,11.955],[-6.968,11.978],[-7.015,11.9659],[-7.044,11.979],[-7.079,12.012],[-7.08,12.067],[-7.0481,12.1379],[-7.05,12.173],[-7.0871,12.295],[-7.104,12.4039],[-7.1161,12.4329],[-7.171,12.4129],[-7.212,12.348],[-7.289,12.3059],[-7.303,12.254],[-7.319,12.227],[-7.48,12.1479],[-7.544,12.0059],[-7.576,11.9809],[-7.748,11.905],[-7.862,11.8429],[-7.937,11.787],[-7.963,11.7779],[-8.035,11.7069],[-8.071,11.686],[-8.155,11.7069],[-8.206,11.7049],[-8.3331,11.6569],[-8.397,11.659],[-8.4311,11.642],[-8.488,11.5159],[-8.5394,11.4563],[-8.5496,11.4901],[-8.5752,11.4703],[-8.6022,11.4721],[-8.6568,11.4964],[-8.6873,11.55],[-8.7129,11.6401],[-8.7265,11.6495],[-8.7772,11.6359],[-8.8285,11.6592],[-8.8472,11.6579],[-8.7978,11.9251],[-8.8149,11.9554],[-8.8198,12.0127],[-8.838,12.0282],[-8.9037,12.0304],[-8.9221,12.0454],[-8.9263,12.0643],[-8.907,12.1254],[-8.906,12.1477],[-8.9139,12.1699],[-8.942,12.1958],[-8.9738,12.1876]],[[-7.9781,12.5429],[-7.9445,12.5532],[-7.9327,12.5751],[-7.9386,12.6616],[-7.9532,12.685],[-7.9752,12.6982],[-8.0016,12.704],[-8.0279,12.7011],[-8.0512,12.6908],[-8.0646,12.6704],[-8.069,12.6425],[-8.0646,12.6044],[-8.0543,12.5795],[-8.0294,12.5576],[-7.9781,12.5429]]]}},{"type":"Feature","properties":{"iso":"GIN","nom":"Koubia","id":"GIN-5645"},"geometry":{"type":"Polygon","coordinates":[[[-11.4708,12.1346],[-11.4096,12.1079],[-11.3917,12.0937],[-11.3513,12.0404],[-11.344,11.7051],[-11.353,11.666],[-11.4461,11.648],[-11.5243,11.624],[-11.5513,11.5639],[-11.6234,11.5098],[-11.8007,11.4347],[-11.9449,11.3536],[-11.9959,11.3205],[-12.0055,11.2866],[-12.0555,11.291],[-12.0681,11.3626],[-12.1041,11.3986],[-12.2994,11.678],[-12.3175,11.7278],[-12.2002,11.7291],[-12.1702,11.7111],[-12.1101,11.6901],[-12.0771,11.663],[-12.026,11.654],[-11.9565,11.6529],[-11.9306,11.6732],[-11.8923,11.6739],[-11.8819,11.6839],[-11.8067,11.7141],[-11.7406,11.7261],[-11.6264,11.7291],[-11.5904,11.8463],[-11.5453,11.8883],[-11.5182,11.9635],[-11.4732,12.0566],[-11.4708,12.1346]]]}},{"type":"Feature","properties":{"iso":"GIN","nom":"Tougué","id":"GIN-5658"},"geometry":{"type":"Polygon","coordinates":[[[-11.3513,12.0404],[-11.3151,12.0133],[-11.275,11.9963],[-11.2555,11.9962],[-11.1912,12.0144],[-11.1846,12.0211],[-11.1815,11.9713],[-11.1659,11.9351],[-11.1193,11.8911],[-11.1193,11.7875],[-11.1309,11.7653],[-11.1391,11.6576],[-11.2158,11.5619],[-11.2182,11.5515],[-11.2168,11.5385],[-11.2034,11.5238],[-11.1373,11.4902],[-11.1324,11.483],[-11.1392,11.4674],[-11.1958,11.4246],[-11.2507,11.4002],[-11.355,11.2692],[-11.3968,11.2787],[-11.4097,11.2692],[-11.4211,11.275],[-11.437,11.2555],[-11.4727,11.2451],[-11.4842,11.2252],[-11.4924,11.1777],[-11.5663,11.1339],[-11.6186,11.0703],[-11.6636,11.0308],[-11.7852,11.0145],[-11.8238,11.0006],[-11.867,10.9995],[-11.8881,11.0061],[-11.9037,11.0342],[-11.9089,11.068],[-11.9048,11.1586],[-11.9284,11.1906],[-11.9774,11.2158],[-11.9867,11.2279],[-12.0055,11.2866],[-11.9959,11.3205],[-11.8007,11.4347],[-11.6234,11.5098],[-11.5513,11.5639],[-11.5243,11.624],[-11.4461,11.648],[-11.353,11.666],[-11.344,11.7051],[-11.3513,12.0404]]]}},{"type":"Feature","properties":{"iso":"GIN","nom":"Dinguiraye","id":"GIN-5634"},"geometry":{"type":"Polygon","coordinates":[[[-10.9521,12.2195],[-10.9277,12.213],[-10.9098,12.2001],[-10.8696,12.1384],[-10.8049,12.096],[-10.7985,12.0681],[-10.811,12.0415],[-10.8078,12.0228],[-10.781,11.9962],[-10.7403,11.9199],[-10.7114,11.8904],[-10.67,11.892],[-10.6551,11.899],[-10.6342,11.9254],[-10.6138,11.9677],[-10.5595,11.9952],[-10.5665,12.0173],[-10.5151,12.0529],[-10.5173,12.0803],[-10.5044,12.0884],[-10.5116,12.1181],[-10.4935,12.1244],[-10.4457,12.1207],[-10.4289,12.1434],[-10.3814,12.1801],[-10.3534,12.1665],[-10.3541,12.1809],[-10.3299,12.1904],[-10.3236,12.202],[-10.311,12.191],[-10.305,12.2029],[-10.2669,12.2178],[-10.2478,12.2011],[-10.2149,12.1946],[-10.1798,12.1782],[-10.1287,12.1745],[-10.0973,12.1537],[-10.0602,12.1475],[-10.0277,12.1257],[-9.9616,12.096],[-9.9232,12.0876],[-9.8888,12.0606],[-9.9547,12.0185],[-9.9939,11.9651],[-10.0829,11.8974],[-10.1833,11.8448],[-10.2077,11.8149],[-10.1505,11.7265],[-10.0651,11.641],[-10.0259,11.5449],[-10.0295,11.3775],[-10.1399,11.374],[-10.2431,11.4523],[-10.3215,11.4665],[-10.3856,11.4416],[-10.3998,11.3989],[-10.3434,11.2695],[-10.3428,11.2066],[-10.3749,11.1781],[-10.5494,11.1745],[-10.5814,11.1817],[-10.5976,11.2086],[-10.6491,11.2351],[-10.6954,11.2279],[-10.7025,11.1852],[-10.7031,11.1126],[-10.8332,11.0892],[-11.0255,10.96],[-11.0826,10.945],[-11.1397,10.966],[-11.1938,11.0261],[-11.4161,11.0291],[-11.4231,11.0642],[-11.2492,11.1843],[-11.2492,11.2285],[-11.2714,11.2823],[-11.3062,11.3262],[-11.2507,11.4002],[-11.1958,11.4246],[-11.1725,11.4469],[-11.1459,11.4604],[-11.1324,11.483],[-11.1956,11.518],[-11.2182,11.5444],[-11.2158,11.5619],[-11.1391,11.6576],[-11.1309,11.7653],[-11.1193,11.7875],[-11.1193,11.8911],[-11.1659,11.9351],[-11.1815,11.9713],[-11.1846,12.0211],[-11.1656,12.0486],[-11.1594,12.0775],[-11.1363,12.0851],[-11.1166,12.1137],[-11.0728,12.1495],[-11.0523,12.2025],[-11.0155,12.2044],[-10.9521,12.2195]]]}},{"type":"Feature","properties":{"iso":"MRT","nom":"Tiris Zemmour","id":"MRT-2783"},"geometry":{"type":"Polygon","coordinates":[[[-8.6824,27.2854],[-5.516,25.4233],[-4.8216,24.9951],[-6.5931,24.9941],[-6.5063,24.276],[-10.7878,21.52],[-12.378,21.3516],[-13.0321,21.5819],[-13.0933,22.4955],[-13.1064,22.5602],[-13.155,22.6888],[-13.1655,22.7527],[-13.1523,22.82],[-13.1199,22.8835],[-13.0152,23.018],[-12.6194,23.2708],[-12.5584,23.2903],[-12.3899,23.3125],[-12.3539,23.3225],[-12.1346,23.4193],[-12.0327,23.445],[-12.0193,23.461],[-12.0153,25.9949],[-8.7072,25.995],[-8.6877,26.0],[-8.6808,26.0131],[-8.6824,27.2854]]]}},{"type":"Feature","properties":{"iso":"MRT","nom":"Dakhlet Nouadhibou","id":"MRT-2785"},"geometry":{"type":"MultiPolygon","coordinates":[[[[-17.0569,20.7669],[-17.0812,20.8747],[-17.0774,20.9045],[-17.0474,21.0274],[-17.0049,21.1419],[-16.9683,21.3246],[-16.9588,21.3329],[-14.2956,21.3332],[-14.1732,21.1445],[-15.8398,21.1508],[-15.5784,20.7374],[-16.283,19.4951],[-16.3192,19.4528],[-16.3232,19.4579],[-16.2828,19.5361],[-16.2991,19.547],[-16.3915,19.4641],[-16.3505,19.5466],[-16.3647,19.5393],[-16.4263,19.4825],[-16.4342,19.4595],[-16.4289,19.4417],[-16.4399,19.4132],[-16.4484,19.4086],[-16.4651,19.4125],[-16.4672,19.4641],[-16.4316,19.5059],[-16.4225,19.5438],[-16.3846,19.5739],[-16.2891,19.7111],[-16.2708,19.7259],[-16.2643,19.7628],[-16.2338,19.7936],[-16.236,19.8133],[-16.248,19.8278],[-16.2352,19.8424],[-16.2338,19.862],[-16.2549,19.8483],[-16.2578,19.8642],[-16.2435,19.8887],[-16.248,19.9029],[-16.2665,19.9137],[-16.2792,19.9052],[-16.2891,19.8825],[-16.3056,19.873],[-16.3127,19.8776],[-16.3133,19.8897],[-16.298,19.9225],[-16.2391,19.9792],[-16.2225,20.0036],[-16.214,20.0333],[-16.2184,20.0579],[-16.2611,20.1357],[-16.2396,20.1381],[-16.2117,20.1756],[-16.1997,20.2152],[-16.209,20.2484],[-16.2376,20.29],[-16.2675,20.2982],[-16.2751,20.317],[-16.2951,20.3306],[-16.3232,20.3964],[-16.3479,20.4175],[-16.3505,20.4274],[-16.338,20.4355],[-16.34,20.4411],[-16.3912,20.5695],[-16.4239,20.6013],[-16.4296,20.6442],[-16.4467,20.6365],[-16.4672,20.6496],[-16.4672,20.6571],[-16.4087,20.675],[-16.4808,20.6751],[-16.4945,20.6911],[-16.487,20.698],[-16.5013,20.726],[-16.5293,20.739],[-16.5363,20.6954],[-16.5284,20.5986],[-16.5423,20.5609],[-16.5525,20.5764],[-16.599,20.6111],[-16.6212,20.6465],[-16.6727,20.6776],[-16.6735,20.689],[-16.659,20.698],[-16.6711,20.7371],[-16.7102,20.77],[-16.7137,20.7962],[-16.7341,20.8215],[-16.7454,20.8686],[-16.769,20.9068],[-16.7751,20.9376],[-16.7887,20.924],[-16.8032,20.9374],[-16.8166,20.986],[-16.8404,21.0095],[-16.8494,21.0336],[-16.8733,21.0646],[-16.8985,21.1369],[-16.9176,21.1592],[-16.9312,21.1515],[-16.9573,21.1059],[-17.0159,21.0312],[-17.0084,21.0134],[-16.9972,21.0185],[-17.0044,20.9324],[-17.0084,20.924],[-17.0494,20.9035],[-17.0501,20.8948],[-17.0279,20.8542],[-17.0384,20.7998],[-17.0569,20.7669]]],[[[-16.3778,19.8135],[-16.3459,19.8684],[-16.3368,19.8557],[-16.3671,19.7211],[-16.3923,19.6584],[-16.4325,19.6013],[-16.453,19.6292],[-16.4502,19.6565],[-16.464,19.6846],[-16.4263,19.749],[-16.4263,19.7869],[-16.4182,19.8056],[-16.4054,19.8211],[-16.3909,19.8261],[-16.3778,19.8135]]],[[[-16.3209,19.7285],[-16.3096,19.7308],[-16.3016,19.7226],[-16.3977,19.5999],[-16.3586,19.6774],[-16.3209,19.7285]]],[[[-16.4911,19.7251],[-16.4696,19.73],[-16.4715,19.6997],[-16.4842,19.6777],[-16.4919,19.6841],[-16.4969,19.7055],[-16.4911,19.7251]]],[[[-16.4593,20.6147],[-16.4464,20.6073],[-16.4481,20.5745],[-16.4542,20.5711],[-16.4673,20.5762],[-16.4742,20.5942],[-16.4691,20.6091],[-16.4593,20.6147]]]]}},{"type":"Feature","properties":{"iso":"MRT","nom":"Adrar","id":"MRT-2795"},"geometry":{"type":"Polygon","coordinates":[[[-14.2956,21.3332],[-13.0152,21.3334],[-13.0321,21.5819],[-12.378,21.3516],[-10.7878,21.52],[-6.5063,24.276],[-6.3716,23.124],[-7.9877,19.7254],[-11.0348,19.7114],[-11.4225,19.4088],[-11.4506,19.2031],[-11.6779,19.3198],[-11.8908,19.1798],[-12.3421,18.8996],[-12.6691,18.557],[-13.2442,19.0005],[-14.2218,19.0005],[-14.2197,19.4285],[-14.1545,21.1181],[-14.2956,21.3332]]]}},{"type":"Feature","properties":{"iso":"MLI","nom":"Kidal","id":"MLI-2689"},"geometry":{"type":"Polygon","coordinates":[[[0.0037,21.8489],[1.1465,21.1017],[1.1593,21.0815],[1.1801,20.9953],[1.1675,20.886],[1.1453,20.7959],[1.1472,20.7514],[1.1546,20.7388],[1.1913,20.7306],[1.2523,20.739],[1.2967,20.7335],[1.3105,20.7227],[1.3469,20.6691],[1.364,20.6577],[1.5204,20.617],[1.5597,20.5975],[1.6237,20.5513],[1.644,20.5227],[1.6501,20.487],[1.6492,20.4121],[1.6592,20.3975],[1.7781,20.3043],[1.7992,20.2949],[1.855,20.2948],[1.8706,20.2835],[1.8914,20.2318],[1.9134,20.2311],[1.9553,20.2549],[1.9934,20.2359],[2.0712,20.2133],[2.0975,20.2242],[2.1613,20.2749],[2.1824,20.2785],[2.2008,20.2739],[2.2796,20.2179],[2.3165,20.1802],[2.4004,20.0566],[2.5148,20.0159],[2.6169,19.9984],[2.6718,19.9962],[2.946,19.9417],[3.0726,19.8889],[3.1305,19.8452],[3.1988,19.8205],[3.2128,19.8078],[3.2168,19.7941],[3.1994,19.5538],[3.2122,19.5172],[3.2323,19.4955],[3.226,19.4597],[3.2582,19.4104],[3.2608,19.3883],[3.251,19.3655],[3.1929,19.3258],[3.1838,19.3075],[3.1744,19.2516],[3.1393,19.2219],[3.1027,19.1536],[3.1041,19.1355],[3.1388,19.096],[3.1798,19.07],[3.226,19.0511],[3.2849,18.9957],[3.3184,18.9777],[3.3587,18.9769],[4.2286,19.1422],[4.2324,17.9752],[1.9758,17.9752],[1.7976,17.7574],[1.2037,17.6287],[0.5701,18.1336],[0.3622,18.3514],[0.0652,18.7078],[-0.8852,18.9553],[-0.9643,19.0642],[-1.4197,19.4107],[-2.0434,19.9155],[-1.3208,20.2818],[-0.2219,21.153],[0.0037,21.8489]]]}},{"type":"Feature","properties":{"iso":"SEN","nom":"Sédhiou","id":"SEN-5514"},"geometry":{"type":"Polygon","coordinates":[[[-15.1462,12.6792],[-15.2238,12.6752],[-15.2497,12.6636],[-15.3078,12.6227],[-15.3686,12.5954],[-15.4246,12.555],[-15.677,12.4393],[-15.7115,12.4322],[-15.884,12.4422],[-15.9474,12.5404],[-15.9618,12.5699],[-15.9639,12.6022],[-15.9396,12.5806],[-15.8639,12.5776],[-15.84,12.5571],[-15.8055,12.5645],[-15.7688,12.5926],[-15.7479,12.5837],[-15.7296,12.5915],[-15.7159,12.5818],[-15.6995,12.5837],[-15.6796,12.5502],[-15.6569,12.5376],[-15.6334,12.5395],[-15.5877,12.558],[-15.5387,12.6154],[-15.5098,12.6358],[-15.5071,12.6496],[-15.5299,12.6658],[-15.5213,12.6738],[-15.5402,12.7269],[-15.5434,12.758],[-15.5349,12.783],[-15.5233,12.7899],[-15.4803,12.7905],[-15.4664,12.7965],[-15.4462,12.8246],[-15.4256,12.805],[-15.4068,12.7997],[-15.394,12.8102],[-15.3916,12.8382],[-15.4071,12.8223],[-15.453,12.8314],[-15.4928,12.8071],[-15.5495,12.7943],[-15.5554,12.7796],[-15.5554,12.7216],[-15.5441,12.6841],[-15.5425,12.6494],[-15.641,12.5595],[-15.6529,12.5589],[-15.6721,12.5707],[-15.6664,12.6007],[-15.6968,12.6142],[-15.7677,12.6254],[-15.8158,12.5954],[-15.8335,12.5913],[-15.8485,12.6085],[-15.8605,12.6117],[-15.9017,12.598],[-15.9533,12.6254],[-15.9565,12.6464],[-15.9812,12.6527],[-16.0011,12.6874],[-16.0132,12.6962],[-16.0237,12.7375],[-16.0091,12.8225],[-15.9865,12.857],[-15.9818,12.8878],[-15.9868,12.9269],[-15.9418,12.9973],[-15.9016,13.0791],[-15.9072,13.0935],[-15.9278,13.1026],[-15.924,13.1228],[-15.8974,13.1574],[-15.8333,13.1568],[-15.8266,13.1617],[-15.8187,13.3335],[-15.8071,13.3398],[-15.7374,13.3463],[-15.6925,13.3603],[-15.5961,13.3558],[-15.5195,13.3866],[-15.3792,13.3625],[-15.3424,13.3626],[-15.3451,13.3188],[-15.3656,13.2425],[-15.3597,13.2073],[-15.3245,13.1838],[-15.2776,13.175],[-15.2424,13.0987],[-15.2365,13.0429],[-15.169,12.9989],[-15.169,12.9373],[-15.1308,12.8844],[-15.1308,12.8023],[-15.1543,12.7406],[-15.1462,12.6792]]]}},{"type":"Feature","properties":{"iso":"SEN","nom":"Ziguinchor","id":"SEN-775"},"geometry":{"type":"MultiPolygon","coordinates":[[[[-15.9733,12.4372],[-16.055,12.4612],[-16.0905,12.4643],[-16.1661,12.4514],[-16.1819,12.4434],[-16.2224,12.4551],[-16.4123,12.3617],[-16.4627,12.3613],[-16.5333,12.3478],[-16.6689,12.3567],[-16.7056,12.348],[-16.7284,12.3325],[-16.7441,12.3789],[-16.7987,12.4309],[-16.803,12.4854],[-16.7814,12.5229],[-16.7317,12.5521],[-16.6788,12.5502],[-16.6347,12.5795],[-16.618,12.6055],[-16.5797,12.6328],[-16.5614,12.6118],[-16.5472,12.5739],[-16.5333,12.5653],[-16.5327,12.5809],[-16.5224,12.5931],[-16.5048,12.598],[-16.3883,12.5516],[-16.371,12.5502],[-16.3513,12.5595],[-16.3273,12.5887],[-16.3096,12.598],[-16.2467,12.588],[-16.2122,12.6064],[-16.1929,12.5776],[-16.115,12.6061],[-16.0576,12.6162],[-16.0298,12.633],[-16.0079,12.6321],[-15.9639,12.6022],[-15.9618,12.5699],[-15.9474,12.5404],[-15.884,12.4422],[-15.9733,12.4372]]],[[[-16.6735,13.1643],[-15.8974,13.1574],[-15.9289,13.1109],[-15.9278,13.1026],[-15.9072,13.0935],[-15.9016,13.0791],[-15.9418,12.9973],[-15.9868,12.9269],[-15.9818,12.8878],[-15.9865,12.857],[-16.0091,12.8225],[-16.0221,12.729],[-16.0283,12.729],[-16.0452,12.6905],[-16.0489,12.6564],[-16.0768,12.639],[-16.1177,12.6321],[-16.155,12.6117],[-16.2276,12.6191],[-16.2686,12.6055],[-16.3238,12.6096],[-16.3468,12.598],[-16.371,12.5645],[-16.412,12.5776],[-16.4452,12.5961],[-16.4672,12.6223],[-16.4896,12.6318],[-16.4928,12.6489],[-16.4672,12.6663],[-16.4672,12.6738],[-16.4826,12.6741],[-16.4923,12.6817],[-16.5013,12.7079],[-16.5082,12.6254],[-16.5157,12.6254],[-16.5657,12.6739],[-16.5702,12.6936],[-16.5988,12.664],[-16.6146,12.6601],[-16.6347,12.6694],[-16.6379,12.6936],[-16.5907,12.762],[-16.5969,12.7973],[-16.6037,12.7625],[-16.6384,12.7285],[-16.651,12.7053],[-16.6472,12.6322],[-16.6773,12.6196],[-16.7211,12.5837],[-16.7546,12.5722],[-16.7731,12.583],[-16.7825,12.6427],[-16.7771,12.678],[-16.7612,12.7132],[-16.7355,12.7329],[-16.7006,12.7216],[-16.699,12.7364],[-16.7132,12.7473],[-16.734,12.7514],[-16.7515,12.7454],[-16.7836,12.7126],[-16.7962,12.7153],[-16.7882,12.7321],[-16.7962,12.7488],[-16.7701,12.7934],[-16.7751,12.8109],[-16.7825,12.8109],[-16.7941,12.795],[-16.8003,12.7988],[-16.803,12.814],[-16.7945,12.8388],[-16.7552,12.9035],[-16.7621,12.9512],[-16.75,13.0136],[-16.7478,13.0403],[-16.7537,13.065],[-16.7485,13.0992],[-16.7263,13.1226],[-16.7084,13.1567],[-16.6735,13.1643]]]]}},{"type":"Feature","properties":{"iso":"MRT","nom":"Brakna","id":"MRT-2784"},"geometry":{"type":"Polygon","coordinates":[[[-14.9125,16.6406],[-14.9309,16.6434],[-14.9489,16.6706],[-14.9326,16.6905],[-14.8348,16.7518],[-14.698,16.8243],[-14.6202,16.8556],[-14.5692,16.9094],[-14.3202,17.0881],[-13.9587,17.6035],[-13.7337,17.8],[-12.6691,18.557],[-12.4787,18.2742],[-12.5061,17.9977],[-12.5448,17.4919],[-12.4096,17.3556],[-12.3102,17.2754],[-12.337,17.2564],[-12.3387,17.2382],[-12.3482,17.2273],[-12.4198,17.2079],[-12.4384,17.1896],[-12.4691,17.186],[-12.4915,17.1681],[-12.5179,17.1212],[-12.6074,17.0818],[-12.6331,17.0848],[-12.6777,17.072],[-12.6977,17.054],[-12.7279,17.0471],[-12.8104,16.9493],[-12.8184,16.9286],[-12.8254,16.8212],[-12.8727,16.7554],[-12.9315,16.6164],[-13.0161,16.5852],[-13.1101,16.5759],[-13.158,16.5204],[-13.1635,16.4403],[-13.1816,16.414],[-13.5899,16.3079],[-13.6325,16.2896],[-13.6494,16.2056],[-13.6686,16.1822],[-13.7183,16.1593],[-13.7106,16.1889],[-13.7382,16.1871],[-13.7788,16.1432],[-13.8113,16.1221],[-13.8273,16.1185],[-13.8528,16.1335],[-13.8838,16.1937],[-13.9078,16.21],[-13.9641,16.2301],[-13.9678,16.246],[-13.963,16.2724],[-13.9793,16.3004],[-13.9712,16.3242],[-13.9779,16.338],[-14.0156,16.3559],[-14.0398,16.3821],[-14.073,16.4007],[-14.2142,16.535],[-14.2681,16.5479],[-14.278,16.5813],[-14.3353,16.5865],[-14.3313,16.6241],[-14.3433,16.6367],[-14.4066,16.6608],[-14.4262,16.6596],[-14.472,16.6364],[-14.4931,16.6325],[-14.5551,16.6406],[-14.6081,16.6288],[-14.656,16.6459],[-14.7112,16.6358],[-14.882,16.6477],[-14.9125,16.6406]]]}},{"type":"Feature","properties":{"iso":"SEN","nom":"Saint-Louis","id":"SEN-5517"},"geometry":{"type":"Polygon","coordinates":[[[-14.9489,16.6706],[-14.9309,16.6434],[-14.9125,16.6406],[-14.882,16.6477],[-14.7112,16.6358],[-14.656,16.6459],[-14.6081,16.6288],[-14.5551,16.6406],[-14.4931,16.6325],[-14.472,16.6364],[-14.4262,16.6596],[-14.4066,16.6608],[-14.3433,16.6367],[-14.3313,16.6241],[-14.3353,16.5865],[-14.278,16.5813],[-14.2681,16.5479],[-14.2142,16.535],[-14.073,16.4007],[-14.0398,16.3821],[-14.0156,16.3559],[-13.9779,16.338],[-13.9712,16.3242],[-13.9793,16.3004],[-13.963,16.2724],[-13.9678,16.246],[-13.9641,16.2301],[-13.9078,16.21],[-13.8838,16.1937],[-13.8591,16.1423],[-13.8448,16.126],[-13.8273,16.1185],[-13.8113,16.1221],[-13.7788,16.1432],[-13.7467,16.1824],[-13.7294,16.1895],[-13.7106,16.1889],[-13.7228,16.1461],[-13.7196,16.1356],[-13.7614,16.0515],[-13.8629,16.0116],[-13.8775,15.9753],[-13.9899,15.8773],[-14.2983,15.6378],[-14.3382,15.6669],[-14.4979,15.7467],[-14.5922,15.8773],[-14.7047,15.9535],[-14.7572,15.95],[-14.8545,15.9974],[-15.4267,15.9985],[-15.434,15.9317],[-15.5912,15.9212],[-15.8076,16.1553],[-15.8411,16.1818],[-15.8911,16.1468],[-15.9219,16.1034],[-16.116,15.9973],[-16.1508,15.9693],[-16.1681,15.9381],[-16.2265,15.9045],[-16.2575,15.8445],[-16.3041,15.8389],[-16.3398,15.8185],[-16.3777,15.8091],[-16.5409,15.8057],[-16.5197,15.8464],[-16.5099,15.9015],[-16.5075,16.0104],[-16.4704,16.1064],[-16.466,16.1741],[-16.4588,16.1942],[-16.4442,16.2063],[-16.4073,16.2148],[-16.3854,16.2349],[-16.3349,16.4558],[-16.3135,16.4933],[-16.2738,16.5232],[-16.251,16.5276],[-16.1954,16.5227],[-16.1558,16.5475],[-16.1323,16.5548],[-16.1105,16.5469],[-16.074,16.5049],[-16.0538,16.4954],[-16.0073,16.4962],[-15.9856,16.5059],[-15.9581,16.4984],[-15.8969,16.5184],[-15.862,16.5103],[-15.813,16.5138],[-15.7677,16.4995],[-15.7353,16.4977],[-15.6875,16.4805],[-15.6722,16.4814],[-15.6436,16.4947],[-15.6097,16.5213],[-15.5515,16.5151],[-15.5248,16.5222],[-15.4909,16.5645],[-15.464,16.5815],[-15.4488,16.5802],[-15.4269,16.5532],[-15.4145,16.548],[-15.3857,16.5518],[-15.328,16.572],[-15.2325,16.5664],[-15.1251,16.5827],[-15.0932,16.6002],[-15.0962,16.614],[-15.1183,16.6426],[-15.1076,16.6654],[-15.0789,16.665],[-15.0444,16.6319],[-15.0237,16.64],[-15.0134,16.6666],[-14.9966,16.6824],[-14.9743,16.6914],[-14.9489,16.6706]]]}},{"type":"Feature","properties":{"iso":"MRT","nom":"Trarza","id":"MRT-2788"},"geometry":{"type":"Polygon","coordinates":[[[-14.9489,16.6706],[-14.9743,16.6914],[-14.9966,16.6824],[-15.0134,16.6666],[-15.0237,16.64],[-15.0444,16.6319],[-15.0789,16.665],[-15.1076,16.6654],[-15.1183,16.6426],[-15.0962,16.614],[-15.0932,16.6002],[-15.1251,16.5827],[-15.2325,16.5664],[-15.328,16.572],[-15.3857,16.5518],[-15.4145,16.548],[-15.4269,16.5532],[-15.4488,16.5802],[-15.464,16.5815],[-15.4909,16.5645],[-15.5248,16.5222],[-15.5515,16.5151],[-15.6097,16.5213],[-15.6436,16.4947],[-15.6722,16.4814],[-15.6875,16.4805],[-15.7353,16.4977],[-15.7677,16.4995],[-15.813,16.5138],[-15.862,16.5103],[-15.8969,16.5184],[-15.9581,16.4984],[-15.9856,16.5059],[-16.0073,16.4962],[-16.0538,16.4954],[-16.074,16.5049],[-16.1105,16.5469],[-16.1323,16.5548],[-16.1558,16.5475],[-16.1954,16.5227],[-16.251,16.5276],[-16.2738,16.5232],[-16.3135,16.4933],[-16.3349,16.4558],[-16.3854,16.2349],[-16.4073,16.2148],[-16.4442,16.2063],[-16.4588,16.1942],[-16.466,16.1741],[-16.4704,16.1064],[-16.5075,16.0104],[-16.5099,15.9015],[-16.5197,15.8464],[-16.5423,15.8088],[-16.5273,15.9774],[-16.5392,16.2672],[-16.5293,16.3327],[-16.4945,16.4016],[-16.4862,16.4517],[-16.4672,16.4929],[-16.4672,16.6002],[-16.4592,16.6439],[-16.3791,16.841],[-16.3578,16.8747],[-16.3431,16.9423],[-16.2781,17.0407],[-16.1925,17.2193],[-16.1867,17.2438],[-16.1726,17.2624],[-16.079,17.5448],[-16.049,17.6672],[-16.0321,17.8864],[-15.7815,17.8866],[-15.7811,18.3931],[-16.0601,18.3909],[-16.0694,18.484],[-16.132,18.6286],[-16.1557,18.7525],[-16.173,18.7931],[-16.164,18.8168],[-16.1656,18.8442],[-16.2104,18.9959],[-13.2442,19.0005],[-12.6691,18.557],[-13.7337,17.8],[-13.9587,17.6035],[-14.3202,17.0881],[-14.5692,16.9094],[-14.6202,16.8556],[-14.698,16.8243],[-14.8348,16.7518],[-14.9326,16.6905],[-14.9489,16.6706]]]}},{"type":"Feature","properties":{"iso":"MRT","nom":"Gorgol","id":"MRT-2791"},"geometry":{"type":"Polygon","coordinates":[[[-13.669,16.1057],[-13.7196,16.1356],[-13.7228,16.1461],[-13.7183,16.1593],[-13.6686,16.1822],[-13.6494,16.2056],[-13.6325,16.2896],[-13.5899,16.3079],[-13.1816,16.414],[-13.1635,16.4403],[-13.158,16.5204],[-13.1101,16.5759],[-13.0161,16.5852],[-12.9315,16.6164],[-12.8727,16.7554],[-12.8254,16.8212],[-12.823,16.8583],[-12.8016,16.8224],[-12.8347,16.7424],[-12.8315,16.6737],[-12.7788,16.6422],[-12.7632,16.612],[-12.7515,16.5654],[-12.7357,16.553],[-12.7361,16.5336],[-12.7471,16.5109],[-12.7665,16.494],[-12.7622,16.4589],[-12.7049,16.4561],[-12.6826,16.4767],[-12.6576,16.4851],[-12.4294,16.4428],[-12.4306,16.4112],[-12.4144,16.3448],[-12.4126,16.3043],[-12.4331,16.2354],[-12.4278,16.2055],[-12.3884,16.209],[-12.3509,16.2412],[-12.3124,16.2567],[-12.256,16.2369],[-12.2402,16.2205],[-12.234,16.1414],[-12.2222,16.1218],[-12.187,16.1221],[-12.1543,16.1075],[-12.1428,16.1205],[-12.0984,16.1067],[-12.0518,16.0561],[-12.0103,16.0521],[-12.0194,15.9795],[-12.0049,15.9394],[-12.0746,15.9174],[-12.1418,15.8858],[-12.1926,15.8925],[-12.2375,15.8806],[-12.2594,15.8613],[-12.2927,15.808],[-12.4631,15.6585],[-12.4868,15.608],[-12.4941,15.5682],[-12.533,15.5402],[-12.5877,15.4739],[-12.6749,15.3365],[-12.7054,15.2709],[-12.7466,15.1311],[-12.7798,15.1464],[-12.7847,15.166],[-12.7795,15.1996],[-12.7872,15.2142],[-12.8064,15.2231],[-12.8568,15.222],[-12.8884,15.2509],[-12.8944,15.2634],[-12.8842,15.2708],[-12.8334,15.27],[-12.828,15.2839],[-12.8473,15.3133],[-12.919,15.3654],[-12.931,15.397],[-12.9331,15.4383],[-12.9509,15.4654],[-12.9549,15.4931],[-12.9643,15.5092],[-12.9802,15.5163],[-12.9958,15.5142],[-13.0389,15.4869],[-13.0838,15.4927],[-13.095,15.5147],[-13.0918,15.5751],[-13.1097,15.5964],[-13.1782,15.6282],[-13.2378,15.6234],[-13.2487,15.6567],[-13.2289,15.6966],[-13.2283,15.7113],[-13.2507,15.7428],[-13.2861,15.7696],[-13.28,15.8229],[-13.2937,15.8553],[-13.316,15.8818],[-13.3159,15.9305],[-13.3698,15.9855],[-13.3837,16.0192],[-13.3886,16.0521],[-13.4221,16.0772],[-13.44,16.1019],[-13.4551,16.1022],[-13.4915,16.0884],[-13.5017,16.0951],[-13.4999,16.1106],[-13.4831,16.141],[-13.4849,16.155],[-13.5691,16.1382],[-13.607,16.1233],[-13.635,16.1216],[-13.669,16.1057]]]}},{"type":"Feature","properties":{"iso":"SEN","nom":"Matam","id":"SEN-767"},"geometry":{"type":"Polygon","coordinates":[[[-13.7196,16.1356],[-13.669,16.1057],[-13.635,16.1216],[-13.607,16.1233],[-13.5691,16.1382],[-13.4849,16.155],[-13.4831,16.141],[-13.4999,16.1106],[-13.5017,16.0951],[-13.4915,16.0884],[-13.4551,16.1022],[-13.44,16.1019],[-13.4221,16.0772],[-13.3886,16.0521],[-13.3837,16.0192],[-13.3698,15.9855],[-13.3159,15.9305],[-13.316,15.8818],[-13.2937,15.8553],[-13.28,15.8229],[-13.2861,15.7696],[-13.2507,15.7428],[-13.2283,15.7113],[-13.2289,15.6966],[-13.2487,15.6567],[-13.2378,15.6234],[-13.1782,15.6282],[-13.1097,15.5964],[-13.0918,15.5751],[-13.095,15.5147],[-13.0838,15.4927],[-13.0389,15.4869],[-12.9958,15.5142],[-12.9802,15.5163],[-12.9643,15.5092],[-12.9549,15.4931],[-12.9509,15.4654],[-12.9331,15.4383],[-12.931,15.397],[-12.919,15.3654],[-12.8473,15.3133],[-12.828,15.2839],[-12.8334,15.27],[-12.8842,15.2708],[-12.8944,15.2634],[-12.8884,15.2509],[-12.8568,15.222],[-12.8064,15.2231],[-12.7872,15.2142],[-12.7795,15.1996],[-12.7847,15.166],[-12.7798,15.1464],[-12.7546,15.1386],[-12.717,15.1034],[-12.6896,15.0925],[-12.5824,14.9495],[-12.5705,14.9102],[-12.5726,14.8937],[-12.6489,14.7063],[-12.7308,14.5847],[-12.7555,14.5655],[-12.9488,14.5462],[-13.2189,14.5946],[-13.2375,14.5871],[-13.5112,14.3985],[-13.7849,14.3943],[-13.8341,14.4018],[-14.2695,14.5625],[-14.3042,14.5852],[-14.313,14.604],[-14.3566,14.6437],[-14.4129,14.6232],[-14.4609,14.5735],[-14.5087,14.5403],[-14.633,14.5109],[-14.6325,14.5501],[-14.6391,14.5567],[-14.8442,14.622],[-14.8627,14.6377],[-14.8244,14.6655],[-14.8099,14.7453],[-14.7664,14.7743],[-14.7301,14.8469],[-14.7736,14.9412],[-14.8027,15.0392],[-14.7337,15.0646],[-14.6213,15.0791],[-14.542,15.102],[-14.585,15.1226],[-14.5668,15.2315],[-14.5342,15.3693],[-14.6176,15.3585],[-14.7845,15.4419],[-14.7482,15.4963],[-14.741,15.6778],[-14.6612,15.7068],[-14.6213,15.7322],[-14.5414,15.8047],[-14.4979,15.7467],[-14.3382,15.6669],[-14.2983,15.6378],[-13.9899,15.8773],[-13.8775,15.9753],[-13.8629,16.0116],[-13.7614,16.0515],[-13.7196,16.1356]]]}},{"type":"Feature","properties":{"iso":"MRT","nom":"Guidimaka","id":"MRT-2790"},"geometry":{"type":"Polygon","coordinates":[[[-12.6903,15.0924],[-12.717,15.1034],[-12.7466,15.1311],[-12.7054,15.2709],[-12.6749,15.3365],[-12.5877,15.4739],[-12.533,15.5402],[-12.4941,15.5682],[-12.4868,15.608],[-12.4631,15.6585],[-12.2927,15.808],[-12.2594,15.8613],[-12.2375,15.8806],[-12.1926,15.8925],[-12.1418,15.8858],[-12.0746,15.9174],[-12.0049,15.9394],[-11.9745,15.9342],[-11.9362,15.9018],[-11.8827,15.9123],[-11.8342,15.9091],[-11.837,15.9254],[-11.8314,15.9415],[-11.8034,15.9563],[-11.7962,15.9727],[-11.821,16.0396],[-11.8126,16.0554],[-11.7896,16.0381],[-11.7371,16.0444],[-11.7243,16.0342],[-11.6772,16.0311],[-11.6073,15.9856],[-11.5003,15.9693],[-11.5165,15.9456],[-11.5538,15.9198],[-11.5611,15.9048],[-11.5565,15.8842],[-11.5687,15.8595],[-11.5918,15.8433],[-11.6127,15.7674],[-11.651,15.7264],[-11.6693,15.6257],[-11.6933,15.5797],[-11.7017,15.5374],[-11.7271,15.5412],[-11.7294,15.4961],[-11.7549,15.4691],[-11.7835,15.3659],[-11.8169,15.2961],[-11.8268,15.2326],[-11.8457,15.1791],[-11.8451,15.1246],[-11.8609,15.049],[-11.851,15.042],[-11.8328,15.049],[-11.8138,15.0285],[-11.8132,14.9959],[-11.8309,14.9264],[-11.8204,14.9],[-11.8371,14.8931],[-11.8775,14.8415],[-11.936,14.8236],[-11.974,14.7798],[-11.9915,14.768],[-12.0111,14.7627],[-12.0497,14.7672],[-12.0704,14.7344],[-12.1389,14.7845],[-12.2033,14.7662],[-12.2468,14.767],[-12.3196,14.8172],[-12.3825,14.846],[-12.4476,14.9074],[-12.4715,14.998],[-12.4849,15.0173],[-12.519,15.0283],[-12.6021,15.0788],[-12.6229,15.1023],[-12.6323,15.1054],[-12.6903,15.0924]]]}},{"type":"Feature","properties":{"iso":"MRT","nom":"Hodh ech Chargui","id":"MRT-2796"},"geometry":{"type":"Polygon","coordinates":[[[-6.3716,23.124],[-5.9491,19.4956],[-5.6233,16.5278],[-5.6059,16.4959],[-5.3649,16.3349],[-5.3533,16.312],[-5.511,15.4942],[-9.0032,15.4955],[-8.9594,15.5391],[-8.9695,15.857],[-9.0675,16.0622],[-8.869,16.3216],[-8.8938,16.3917],[-8.7504,16.5317],[-8.2892,17.023],[-8.5983,17.3506],[-9.1497,17.2823],[-6.3716,23.124]]]}},{"type":"Feature","properties":{"iso":"MRT","nom":"Hodh el Gharbi","id":"MRT-2797"},"geometry":{"type":"Polygon","coordinates":[[[-9.0032,15.4955],[-9.3492,15.4956],[-9.343,15.5869],[-9.3293,15.6552],[-9.3324,15.6876],[-9.3565,15.6979],[-9.3759,15.6859],[-9.437,15.6149],[-9.4517,15.5883],[-9.4518,15.5592],[-9.4239,15.4405],[-9.6721,15.4307],[-9.7208,15.4209],[-9.7974,15.3803],[-9.8356,15.3711],[-9.9514,15.3812],[-10.0676,15.3647],[-10.1083,15.3659],[-10.1316,15.3726],[-10.1884,15.4047],[-10.2232,15.402],[-10.3226,15.4371],[-10.3708,15.4335],[-10.535,15.4417],[-10.5847,15.4281],[-10.6669,15.9381],[-10.6954,15.9763],[-10.7787,16.0449],[-10.7749,16.0792],[-10.7631,16.0961],[-10.757,16.1515],[-10.7599,16.1851],[-10.7756,16.215],[-10.8035,16.2367],[-10.8371,16.2483],[-10.8406,16.2645],[-10.8319,16.2786],[-10.8448,16.3019],[-10.8308,16.3594],[-10.8079,16.4015],[-10.8096,16.4227],[-10.863,16.4421],[-10.8724,16.4649],[-10.8586,16.4767],[-10.8203,16.4816],[-10.7684,16.5093],[-10.7593,16.527],[-10.737,16.5414],[-10.7363,16.5664],[-10.7131,16.5681],[-10.7005,16.5823],[-10.6998,16.595],[-10.7054,16.6042],[-10.7363,16.5954],[-10.7478,16.6084],[-10.7766,16.5935],[-10.8387,16.6141],[-10.8746,16.6729],[-10.8719,16.7065],[-10.8827,16.7236],[-10.8978,16.7402],[-10.9352,16.75],[-10.9481,16.7776],[-10.9694,16.8027],[-10.9904,16.8164],[-10.997,16.8378],[-10.9796,16.8652],[-10.9932,16.8893],[-10.9957,16.9795],[-10.9797,17.0998],[-10.9856,17.1251],[-11.0022,17.1405],[-11.0106,17.1608],[-10.9946,17.2466],[-10.9805,17.2839],[-10.9939,17.3201],[-10.9867,17.3563],[-10.9914,17.3914],[-11.0586,17.524],[-11.0784,17.6252],[-11.0936,17.6576],[-11.0914,17.6904],[-11.0795,17.7228],[-10.3325,17.5182],[-9.7227,17.5563],[-9.1497,17.2823],[-8.5983,17.3506],[-8.2892,17.023],[-8.7504,16.5317],[-8.8938,16.3917],[-8.869,16.3216],[-9.0675,16.0622],[-8.9695,15.857],[-8.9594,15.5391],[-9.0032,15.4955]]]}},{"type":"Feature","properties":{"iso":"MRT","nom":"Assaba","id":"MRT-2789"},"geometry":{"type":"Polygon","coordinates":[[[-10.9152,15.1029],[-10.948,15.152],[-10.9852,15.1875],[-11.0127,15.2396],[-11.0454,15.2702],[-11.2982,15.451],[-11.4096,15.6022],[-11.4348,15.6234],[-11.4582,15.6329],[-11.5273,15.6426],[-11.5131,15.6253],[-11.5154,15.6101],[-11.5243,15.6003],[-11.5792,15.578],[-11.6149,15.5412],[-11.6441,15.5264],[-11.7017,15.5374],[-11.6933,15.5797],[-11.6693,15.6257],[-11.651,15.7264],[-11.6127,15.7674],[-11.5918,15.8433],[-11.5687,15.8595],[-11.5565,15.8842],[-11.5611,15.9048],[-11.5538,15.9198],[-11.5165,15.9456],[-11.5003,15.9693],[-11.6073,15.9856],[-11.6772,16.0311],[-11.7243,16.0342],[-11.7371,16.0444],[-11.7896,16.0381],[-11.8126,16.0554],[-11.821,16.0396],[-11.7962,15.9727],[-11.8034,15.9563],[-11.8314,15.9415],[-11.837,15.9254],[-11.8342,15.9091],[-11.8827,15.9123],[-11.9362,15.9018],[-11.9745,15.9342],[-12.0049,15.9394],[-12.0194,15.9795],[-12.0103,16.0521],[-12.0518,16.0561],[-12.0984,16.1067],[-12.1428,16.1205],[-12.1543,16.1075],[-12.187,16.1221],[-12.2222,16.1218],[-12.234,16.1414],[-12.2402,16.2205],[-12.256,16.2369],[-12.3124,16.2567],[-12.3509,16.2412],[-12.3884,16.209],[-12.4278,16.2055],[-12.4331,16.2354],[-12.4126,16.3043],[-12.4144,16.3448],[-12.4306,16.4112],[-12.4294,16.4428],[-12.6576,16.4851],[-12.6826,16.4767],[-12.7049,16.4561],[-12.7622,16.4589],[-12.7665,16.494],[-12.7471,16.5109],[-12.7361,16.5336],[-12.7357,16.553],[-12.7515,16.5654],[-12.7632,16.612],[-12.7788,16.6422],[-12.8315,16.6737],[-12.8365,16.6977],[-12.8347,16.7424],[-12.8016,16.8224],[-12.823,16.8583],[-12.8184,16.9286],[-12.7995,16.9675],[-12.7279,17.0471],[-12.6977,17.054],[-12.6777,17.072],[-12.6331,17.0848],[-12.6074,17.0818],[-12.5179,17.1212],[-12.4915,17.1681],[-12.4691,17.186],[-12.4384,17.1896],[-12.4198,17.2079],[-12.3482,17.2273],[-12.3387,17.2382],[-12.337,17.2564],[-12.3102,17.2754],[-12.2136,17.1868],[-11.9099,17.0862],[-11.7525,17.1391],[-11.5704,17.1239],[-11.5271,17.1772],[-11.5185,17.3823],[-11.4925,17.4381],[-11.5089,17.4932],[-11.4688,17.5097],[-11.4741,17.5478],[-11.5145,17.557],[-11.4527,17.5945],[-11.4218,17.6026],[-11.4152,17.633],[-11.43,17.6605],[-11.425,17.675],[-11.454,17.717],[-11.4916,17.7549],[-11.5293,17.8167],[-11.5065,17.8153],[-11.5743,17.9367],[-11.5953,17.9557],[-11.5811,17.9853],[-11.5493,18.0016],[-11.5479,18.0505],[-11.4918,18.0467],[-11.4864,18.0779],[-11.3555,18.0758],[-11.3466,18.0669],[-11.3234,18.0645],[-11.2983,18.0808],[-11.2401,18.0986],[-11.2125,18.0964],[-11.1689,18.1615],[-11.1942,18.1852],[-11.167,18.2047],[-11.1361,18.2411],[-11.1039,18.2632],[-11.0308,18.2924],[-11.0018,18.2904],[-10.9707,18.3109],[-11.0936,17.6576],[-11.0784,17.6252],[-11.0586,17.524],[-10.9914,17.3914],[-10.9867,17.3563],[-10.9939,17.3201],[-10.9805,17.2839],[-10.9946,17.2466],[-11.0106,17.1608],[-11.0022,17.1405],[-10.9856,17.1251],[-10.9797,17.0998],[-10.9957,16.9516],[-10.9905,16.9245],[-10.9932,16.8893],[-10.9796,16.8652],[-10.997,16.8378],[-10.9904,16.8164],[-10.9694,16.8027],[-10.9481,16.7776],[-10.9352,16.75],[-10.8978,16.7402],[-10.8827,16.7236],[-10.8719,16.7065],[-10.8746,16.6729],[-10.8387,16.6141],[-10.7766,16.5935],[-10.7478,16.6084],[-10.7363,16.5954],[-10.7054,16.6042],[-10.6998,16.595],[-10.7005,16.5823],[-10.7131,16.5681],[-10.7363,16.5664],[-10.737,16.5414],[-10.7593,16.527],[-10.7684,16.5093],[-10.8203,16.4816],[-10.8586,16.4767],[-10.8724,16.4649],[-10.863,16.4421],[-10.8096,16.4227],[-10.8079,16.4015],[-10.8308,16.3594],[-10.8448,16.3019],[-10.8319,16.2786],[-10.8406,16.2645],[-10.8371,16.2483],[-10.8035,16.2367],[-10.7756,16.215],[-10.7599,16.1851],[-10.757,16.1515],[-10.7631,16.0961],[-10.7749,16.0792],[-10.7787,16.0449],[-10.6954,15.9763],[-10.6669,15.9381],[-10.5847,15.4281],[-10.6489,15.4249],[-10.7092,15.4339],[-10.7254,15.4331],[-10.7364,15.4226],[-10.7389,15.3622],[-10.7468,15.3411],[-10.7707,15.3247],[-10.7817,15.3084],[-10.811,15.3031],[-10.8272,15.2877],[-10.8441,15.2345],[-10.8909,15.1767],[-10.9152,15.1029]]]}},{"type":"Feature","properties":{"iso":"SEN","nom":"Kaffrine","id":"SEN-5516"},"geometry":{"type":"Polygon","coordinates":[[[-14.8603,13.7656],[-14.8793,13.7806],[-14.9158,13.7924],[-15.0168,13.7969],[-15.0763,13.819],[-15.0977,13.82],[-15.1706,13.7938],[-15.246,13.7467],[-15.2673,13.7418],[-15.3045,13.7819],[-15.3478,13.7886],[-15.3941,13.7715],[-15.4449,13.7947],[-15.5138,13.7983],[-15.5827,13.8273],[-15.6227,13.7656],[-15.6408,13.7584],[-15.6662,13.7693],[-15.6952,13.7983],[-15.7097,13.8273],[-15.7097,13.8527],[-15.6989,13.8781],[-15.7025,13.9035],[-15.746,13.9289],[-15.7823,13.9652],[-15.7932,13.987],[-15.7968,14.0124],[-15.8113,14.0305],[-15.8549,14.0378],[-15.8549,14.1539],[-15.8004,14.2881],[-15.799,14.3849],[-15.7726,14.4048],[-15.7099,14.4768],[-15.6843,14.4791],[-15.6611,14.4907],[-15.5938,14.5441],[-15.4313,14.5743],[-15.4011,14.6068],[-15.3796,14.6983],[-15.2997,14.6514],[-15.2495,14.6329],[-15.0628,14.5999],[-15.0201,14.6126],[-14.9316,14.6656],[-14.898,14.6771],[-14.8442,14.622],[-14.6391,14.5567],[-14.6308,14.5376],[-14.6337,14.3226],[-14.593,14.2216],[-14.5886,14.1456],[-14.5774,14.0816],[-14.5864,14.0236],[-14.5947,14.0104],[-14.6185,13.9987],[-14.6287,13.9391],[-14.7157,13.8633],[-14.8126,13.84],[-14.8382,13.8092],[-14.8603,13.7656]]]}},{"type":"Feature","properties":{"iso":"SEN","nom":"Kaolack","id":"SEN-765"},"geometry":{"type":"Polygon","coordinates":[[[-15.498,13.6415],[-15.5025,13.5883],[-15.5182,13.5831],[-16.0854,13.5852],[-16.0942,13.6118],[-16.1539,13.6776],[-16.1663,13.7379],[-16.2274,13.7864],[-16.2407,13.805],[-16.2379,13.8419],[-16.2063,13.8749],[-16.1972,13.8979],[-16.209,13.974],[-16.2481,14.0206],[-16.2316,14.059],[-16.2354,14.1045],[-16.2488,14.1233],[-16.3024,14.16],[-16.3723,14.1627],[-16.3647,14.1678],[-16.3802,14.1684],[-16.3658,14.1872],[-16.3558,14.2209],[-16.3057,14.2938],[-16.2783,14.3256],[-16.2571,14.3396],[-16.1131,14.3595],[-16.1044,14.3588],[-16.0989,14.3493],[-16.014,14.3351],[-15.9931,14.3421],[-15.9746,14.3607],[-15.9537,14.37],[-15.8306,14.3653],[-15.799,14.3849],[-15.8004,14.2881],[-15.8549,14.1539],[-15.8549,14.0378],[-15.8113,14.0305],[-15.7968,14.0124],[-15.7932,13.987],[-15.7823,13.9652],[-15.746,13.9289],[-15.7025,13.9035],[-15.6989,13.8781],[-15.7097,13.8527],[-15.7097,13.8273],[-15.6952,13.7983],[-15.6662,13.7693],[-15.6408,13.7584],[-15.6227,13.7656],[-15.5827,13.8273],[-15.5138,13.7983],[-15.4449,13.7947],[-15.3941,13.7715],[-15.4363,13.7412],[-15.4675,13.7083],[-15.498,13.6415]]]}},{"type":"Feature","properties":{"iso":"SEN","nom":"Fatick","id":"SEN-764"},"geometry":{"type":"MultiPolygon","coordinates":[[[[-16.0854,13.5852],[-16.5614,13.5869],[-16.5764,13.6122],[-16.5758,13.6403],[-16.5082,13.688],[-16.5293,13.701],[-16.5072,13.7281],[-16.5089,13.7402],[-16.5293,13.7426],[-16.5315,13.7073],[-16.5421,13.6937],[-16.5565,13.6948],[-16.5637,13.6738],[-16.5793,13.6596],[-16.5989,13.6542],[-16.618,13.6601],[-16.6356,13.678],[-16.64,13.6965],[-16.6298,13.7605],[-16.5764,13.8388],[-16.5491,13.8245],[-16.5565,13.8456],[-16.5218,13.8518],[-16.5129,13.8133],[-16.5016,13.802],[-16.487,13.8046],[-16.5006,13.8727],[-16.5157,13.8798],[-16.487,14.0026],[-16.5181,13.9519],[-16.526,13.9105],[-16.5494,13.8693],[-16.5702,13.873],[-16.5802,13.8595],[-16.6379,13.8456],[-16.6487,13.8369],[-16.659,13.8109],[-16.6825,13.7941],[-16.7001,13.769],[-16.7102,13.7736],[-16.7153,13.8063],[-16.7372,13.8196],[-16.7424,13.8394],[-16.7341,13.873],[-16.7445,13.9022],[-16.7434,13.9611],[-16.7025,13.99],[-16.6463,13.983],[-16.6368,13.9749],[-16.6379,13.9617],[-16.599,13.9968],[-16.5764,13.989],[-16.5768,14.011],[-16.5423,14.0373],[-16.5683,14.0303],[-16.581,14.0328],[-16.5907,14.0436],[-16.5455,14.071],[-16.4891,14.1282],[-16.457,14.1374],[-16.4415,14.1566],[-16.4294,14.161],[-16.4047,14.1454],[-16.3723,14.1627],[-16.297,14.1569],[-16.2488,14.1233],[-16.2354,14.1045],[-16.2316,14.059],[-16.2481,14.0206],[-16.209,13.974],[-16.1974,13.9056],[-16.2014,13.8825],[-16.2379,13.8419],[-16.2407,13.805],[-16.2274,13.7864],[-16.1663,13.7379],[-16.1539,13.6776],[-16.0942,13.6118],[-16.0854,13.5852]]],[[[-16.3802,14.1684],[-16.4277,14.1701],[-16.4547,14.1802],[-16.453,14.2019],[-16.4687,14.1938],[-16.4746,14.1794],[-16.4715,14.1643],[-16.4604,14.1541],[-16.4728,14.1474],[-16.5132,14.151],[-16.5218,14.1262],[-16.5565,14.0715],[-16.6003,14.0542],[-16.6317,14.0101],[-16.6542,14.0028],[-16.7211,14.0163],[-16.6968,14.0647],[-16.68,14.0694],[-16.6523,14.0995],[-16.6656,14.0956],[-16.6786,14.0761],[-16.7279,14.0647],[-16.7161,14.0513],[-16.7171,14.0424],[-16.7689,13.9617],[-16.7734,13.9336],[-16.7689,13.8388],[-16.7751,13.8388],[-16.781,14.0307],[-16.786,14.0597],[-16.8113,14.1249],[-16.7704,14.1469],[-16.7783,14.1738],[-16.7455,14.2075],[-16.7593,14.2281],[-16.7453,14.2856],[-16.695,14.4267],[-16.6479,14.4332],[-16.6179,14.4602],[-16.5938,14.471],[-16.5458,14.5299],[-16.5313,14.5806],[-16.5192,14.5992],[-16.462,14.6073],[-16.3767,14.6028],[-16.3334,14.5805],[-16.2635,14.5918],[-16.1971,14.5775],[-16.1638,14.5536],[-16.1398,14.5453],[-16.0307,14.5262],[-15.9329,14.5352],[-15.8743,14.5546],[-15.816,14.6095],[-15.8081,14.6303],[-15.8034,14.7152],[-15.7956,14.7293],[-15.7735,14.7417],[-15.7238,14.7066],[-15.6751,14.7183],[-15.6565,14.7159],[-15.6333,14.6927],[-15.4684,14.6277],[-15.4452,14.6091],[-15.4313,14.5743],[-15.5938,14.5441],[-15.6611,14.4907],[-15.6843,14.4791],[-15.7099,14.4768],[-15.7726,14.4048],[-15.8306,14.3653],[-15.9537,14.37],[-15.9746,14.3607],[-15.9931,14.3421],[-16.014,14.3351],[-16.0989,14.3493],[-16.1044,14.3588],[-16.1131,14.3595],[-16.2571,14.3396],[-16.2783,14.3256],[-16.3057,14.2938],[-16.3558,14.2209],[-16.3658,14.1872],[-16.3802,14.1684]]]]}},{"type":"Feature","properties":{"iso":"MRT","nom":"Inchiri","id":"MRT-2786"},"geometry":{"type":"Polygon","coordinates":[[[-16.2104,18.9959],[-16.2389,19.061],[-16.2828,19.1304],[-16.3683,19.2215],[-16.4672,19.2593],[-16.5048,19.35],[-16.5355,19.3808],[-16.5218,19.3964],[-16.4637,19.3815],[-16.4078,19.3892],[-16.3592,19.4158],[-16.283,19.4951],[-15.5784,20.7374],[-15.8398,21.1508],[-14.1732,21.1445],[-14.1545,21.1181],[-14.2197,19.4285],[-14.2218,19.0005],[-16.2104,18.9959]]]}},{"type":"Feature","properties":{"iso":"MRT","nom":"Nouakchott","id":"MRT-2787"},"geometry":{"type":"Polygon","coordinates":[[[-16.0321,17.8864],[-16.0242,17.9601],[-16.0352,18.1414],[-16.0601,18.3909],[-15.7811,18.3931],[-15.7815,17.8866],[-16.0321,17.8864]]]}},{"type":"Feature","properties":{"iso":"SEN","nom":"Louga","id":"SEN-766"},"geometry":{"type":"Polygon","coordinates":[[[-16.7353,15.4773],[-16.6697,15.5618],[-16.5389,15.7744],[-16.5343,15.7844],[-16.5409,15.8057],[-16.3777,15.8091],[-16.3398,15.8185],[-16.3041,15.8389],[-16.2575,15.8445],[-16.2265,15.9045],[-16.1681,15.9381],[-16.1508,15.9693],[-16.116,15.9973],[-15.9219,16.1034],[-15.8911,16.1468],[-15.8411,16.1818],[-15.8076,16.1553],[-15.5912,15.9212],[-15.434,15.9317],[-15.4267,15.9985],[-14.8545,15.9974],[-14.7572,15.95],[-14.7047,15.9535],[-14.5922,15.8773],[-14.5414,15.8047],[-14.6213,15.7322],[-14.6612,15.7068],[-14.741,15.6778],[-14.7482,15.4963],[-14.7845,15.4419],[-14.6176,15.3585],[-14.5342,15.3693],[-14.5668,15.2315],[-14.585,15.1226],[-14.542,15.102],[-14.6213,15.0791],[-14.7337,15.0646],[-14.8027,15.0392],[-14.7736,14.9412],[-14.7301,14.8469],[-14.7664,14.7743],[-14.8099,14.7453],[-14.8244,14.6655],[-14.8627,14.6377],[-14.898,14.6771],[-14.9145,14.6734],[-15.0201,14.6126],[-15.0628,14.5999],[-15.0968,14.6032],[-15.2495,14.6329],[-15.2997,14.6514],[-15.4158,14.7195],[-15.4416,14.7472],[-15.453,14.829],[-15.4594,14.8379],[-15.5472,14.835],[-15.5935,14.855],[-15.6212,14.8574],[-15.6741,14.8556],[-15.6999,14.8479],[-15.7177,14.8616],[-15.7301,14.9017],[-15.7765,14.9265],[-15.7916,14.9528],[-15.8103,14.963],[-15.8168,15.0006],[-16.0771,15.0019],[-16.1003,14.9963],[-16.1324,14.969],[-16.1816,14.991],[-16.199,15.0102],[-16.2119,15.0531],[-16.2519,15.1043],[-16.2639,15.1386],[-16.261,15.1854],[-16.268,15.2092],[-16.2863,15.2424],[-16.318,15.2357],[-16.3319,15.3072],[-16.3437,15.3178],[-16.3859,15.3135],[-16.4331,15.3251],[-16.4514,15.3206],[-16.51,15.2472],[-16.5277,15.2031],[-16.5911,15.1338],[-16.6093,15.1283],[-16.6232,15.1449],[-16.6172,15.1809],[-16.6213,15.1914],[-16.6624,15.219],[-16.6909,15.2597],[-16.7169,15.2707],[-16.7227,15.2817],[-16.7204,15.3429],[-16.6953,15.4008],[-16.6904,15.427],[-16.7003,15.4512],[-16.7353,15.4773]]]}},{"type":"Feature","properties":{"iso":"SEN","nom":"Thiès","id":"SEN-768"},"geometry":{"type":"Polygon","coordinates":[[[-17.182,14.8971],[-17.1387,14.9277],[-16.9797,15.1119],[-16.9479,15.1579],[-16.8782,15.2331],[-16.7353,15.4773],[-16.7003,15.4512],[-16.6904,15.427],[-16.6953,15.4008],[-16.7204,15.3429],[-16.7227,15.2817],[-16.7169,15.2707],[-16.6909,15.2597],[-16.6624,15.219],[-16.6213,15.1914],[-16.6172,15.1809],[-16.6232,15.1449],[-16.6143,15.1312],[-16.5948,15.1306],[-16.5277,15.2031],[-16.51,15.2472],[-16.4514,15.3206],[-16.4331,15.3251],[-16.3859,15.3135],[-16.3437,15.3178],[-16.3319,15.3072],[-16.318,15.2357],[-16.2863,15.2424],[-16.268,15.2092],[-16.261,15.1854],[-16.2615,15.1288],[-16.2465,15.0957],[-16.2119,15.0531],[-16.199,15.0102],[-16.1816,14.991],[-16.1324,14.969],[-16.1363,14.9565],[-16.1927,14.9263],[-16.2263,14.9235],[-16.2419,14.9309],[-16.2536,14.961],[-16.2809,14.9734],[-16.3146,14.9997],[-16.3625,14.994],[-16.3995,15.0116],[-16.6405,14.9444],[-16.6593,14.9346],[-16.6745,14.9045],[-16.6783,14.8775],[-16.6454,14.8557],[-16.6428,14.7858],[-16.6133,14.7602],[-16.6185,14.7238],[-16.5925,14.7019],[-16.5875,14.6856],[-16.6214,14.6357],[-16.6205,14.6244],[-16.6027,14.6089],[-16.5313,14.5806],[-16.5458,14.5299],[-16.5938,14.471],[-16.6179,14.4602],[-16.6479,14.4332],[-16.695,14.4267],[-16.7453,14.2856],[-16.7593,14.2281],[-16.7455,14.2075],[-16.7783,14.1738],[-16.7704,14.1469],[-16.8113,14.1249],[-16.8297,14.1541],[-16.8688,14.1658],[-16.8787,14.1745],[-16.8989,14.26],[-16.9259,14.2912],[-16.9455,14.3014],[-16.9396,14.3559],[-16.9565,14.3901],[-16.9879,14.421],[-17.0595,14.4539],[-17.1115,14.5302],[-17.1484,14.6132],[-17.1307,14.7596],[-17.153,14.8035],[-17.1543,14.8326],[-17.182,14.8971]]]}},{"type":"Feature","properties":{"iso":"SEN","nom":"Dakar","id":"SEN-759"},"geometry":{"type":"Polygon","coordinates":[[[-17.1484,14.6132],[-17.1782,14.6531],[-17.2069,14.6789],[-17.2438,14.6993],[-17.2816,14.7073],[-17.3306,14.7363],[-17.4174,14.7377],[-17.4398,14.7221],[-17.4193,14.709],[-17.4268,14.6944],[-17.4398,14.6885],[-17.4268,14.6749],[-17.4398,14.6538],[-17.536,14.7574],[-17.371,14.8003],[-17.3221,14.839],[-17.182,14.8971],[-17.1601,14.8508],[-17.153,14.8035],[-17.1295,14.7503],[-17.1484,14.6132]]]}},{"type":"Feature","properties":{"iso":"GIN","nom":"Boffa","id":"GIN-5628"},"geometry":{"type":"Polygon","coordinates":[[[-13.6904,9.9508],[-13.694,9.9538],[-13.702,9.9117],[-13.7497,9.8635],[-13.7847,9.8502],[-13.8277,9.8554],[-13.8428,9.8608],[-13.8861,9.9122],[-13.9276,9.9359],[-13.9454,9.9669],[-13.9795,9.9744],[-14.0067,10.001],[-14.043,10.0128],[-14.0583,10.0253],[-14.0619,10.0501],[-14.0461,10.0795],[-14.0203,10.0944],[-13.9938,10.0762],[-14.0282,10.1166],[-14.0416,10.1013],[-14.0683,10.1181],[-14.0655,10.1246],[-14.0438,10.1332],[-13.9999,10.1997],[-14.0145,10.1928],[-14.0447,10.1622],[-14.0893,10.1383],[-14.0923,10.0686],[-14.1134,10.051],[-14.1303,10.0489],[-14.1532,10.0556],[-14.1705,10.0708],[-14.1798,10.0903],[-14.1788,10.1103],[-14.1236,10.1626],[-14.1378,10.1792],[-14.1417,10.1645],[-14.1531,10.1563],[-14.1849,10.1519],[-14.1825,10.1295],[-14.2002,10.1127],[-14.2224,10.1061],[-14.2506,10.1405],[-14.2538,10.1553],[-14.2401,10.1751],[-14.2439,10.1823],[-14.259,10.1796],[-14.2701,10.1597],[-14.2921,10.1718],[-14.3524,10.2262],[-14.3767,10.2344],[-14.4186,10.228],[-14.432,10.2344],[-14.4525,10.2146],[-14.4626,10.2252],[-14.4659,10.2497],[-14.4586,10.317],[-14.4686,10.3362],[-14.5373,10.4036],[-14.548,10.4256],[-14.5505,10.4721],[-14.5455,10.495],[-14.4596,10.5694],[-14.4055,10.5934],[-14.2763,10.5995],[-14.2072,10.6205],[-14.1445,10.6691],[-14.0497,10.6691],[-14.0307,10.6406],[-13.9865,10.6469],[-13.928,10.6752],[-13.9158,10.6665],[-13.8885,10.6846],[-13.8506,10.6912],[-13.8421,10.7222],[-13.8,10.7408],[-13.7639,10.7281],[-13.7343,10.7291],[-13.7242,10.7224],[-13.6124,10.7148],[-13.6243,10.5544],[-13.6904,10.5063],[-13.7325,10.4913],[-13.7565,10.4552],[-13.8106,10.3952],[-13.8286,10.3531],[-13.819,10.2961],[-13.8411,10.2392],[-13.9134,10.1169],[-13.8991,10.0849],[-13.7851,9.9896],[-13.7634,9.9829],[-13.7181,9.9816],[-13.6999,9.9691],[-13.6904,9.9508]]]}},{"type":"Feature","properties":{"iso":"GIN","nom":"Dubréka","id":"GIN-5635"},"geometry":{"type":"Polygon","coordinates":[[[-13.6733,9.5738],[-13.6527,9.5972],[-13.6258,9.6473],[-13.6232,9.7274],[-13.6049,9.7374],[-13.5954,9.755],[-13.5665,9.7711],[-13.5611,9.7882],[-13.5943,9.7742],[-13.6041,9.7802],[-13.6478,9.8315],[-13.6512,9.8428],[-13.6648,9.8366],[-13.6505,9.777],[-13.6613,9.7545],[-13.6921,9.7404],[-13.7289,9.7441],[-13.7472,9.7678],[-13.7498,9.7999],[-13.7399,9.8292],[-13.6983,9.8808],[-13.682,9.9135],[-13.6853,9.9465],[-13.6999,9.9691],[-13.7181,9.9816],[-13.7634,9.9829],[-13.7851,9.9896],[-13.8991,10.0849],[-13.9134,10.1169],[-13.8411,10.2392],[-13.819,10.2961],[-13.7558,10.2961],[-13.4839,10.2392],[-13.4081,10.2582],[-13.367,10.3182],[-13.2946,10.3765],[-13.2121,10.3972],[-13.1346,10.4042],[-13.1346,10.296],[-13.1196,10.275],[-13.1136,10.2419],[-13.1316,10.2119],[-13.1556,10.1879],[-13.1556,10.1097],[-13.2037,10.0917],[-13.2338,10.0647],[-13.2428,10.0376],[-13.2818,9.9986],[-13.393,9.9926],[-13.4411,9.9535],[-13.4741,9.8994],[-13.4861,9.8243],[-13.4741,9.7672],[-13.4741,9.7342],[-13.4981,9.6891],[-13.5282,9.6501],[-13.5156,9.5245],[-13.529,9.5057],[-13.5475,9.5002],[-13.5753,9.5272],[-13.5884,9.5691],[-13.6433,9.5425],[-13.6733,9.5738]]]}},{"type":"Feature","properties":{"iso":"GIN","nom":"Conakry","id":"GIN-5630"},"geometry":{"type":"Polygon","coordinates":[[[-13.6433,9.5425],[-13.7143,9.5076],[-13.7262,9.5111],[-13.7241,9.5195],[-13.7058,9.5281],[-13.6733,9.5738],[-13.6433,9.5425]]]}},{"type":"Feature","properties":{"iso":"GIN","nom":"Coyah","id":"GIN-5631"},"geometry":{"type":"Polygon","coordinates":[[[-13.4561,9.593],[-13.4935,9.5691],[-13.5156,9.5245],[-13.5282,9.6501],[-13.4981,9.6891],[-13.4741,9.7342],[-13.4741,9.7672],[-13.4861,9.8243],[-13.4741,9.8994],[-13.4411,9.9535],[-13.393,9.9926],[-13.2818,9.9986],[-13.2187,9.9385],[-13.2097,9.8514],[-13.2458,9.7883],[-13.2338,9.7462],[-13.1947,9.7222],[-13.1526,9.7071],[-13.1076,9.6501],[-13.0926,9.605],[-13.0895,9.5629],[-13.1316,9.5569],[-13.2067,9.5629],[-13.2368,9.581],[-13.2758,9.62],[-13.3179,9.638],[-13.423,9.596],[-13.4561,9.593]]]}},{"type":"Feature","properties":{"iso":"SEN","nom":"Diourbel","id":"SEN-763"},"geometry":{"type":"Polygon","coordinates":[[[-15.6741,14.8556],[-15.5935,14.855],[-15.5472,14.835],[-15.481,14.841],[-15.4558,14.834],[-15.4416,14.7472],[-15.4158,14.7195],[-15.3796,14.6983],[-15.4011,14.6068],[-15.4313,14.5743],[-15.4452,14.6091],[-15.4684,14.6277],[-15.6333,14.6927],[-15.6565,14.7159],[-15.6751,14.7183],[-15.7238,14.7066],[-15.7735,14.7417],[-15.7956,14.7293],[-15.8034,14.7152],[-15.8081,14.6303],[-15.816,14.6095],[-15.8743,14.5546],[-15.9329,14.5352],[-16.0307,14.5262],[-16.1543,14.5494],[-16.1876,14.573],[-16.2305,14.5881],[-16.2742,14.5913],[-16.3334,14.5805],[-16.3767,14.6028],[-16.462,14.6073],[-16.5064,14.6033],[-16.5192,14.5992],[-16.5313,14.5806],[-16.6027,14.6089],[-16.6205,14.6244],[-16.6214,14.6357],[-16.5953,14.6672],[-16.5885,14.6917],[-16.5959,14.7056],[-16.6168,14.7192],[-16.6156,14.7643],[-16.6428,14.7858],[-16.6454,14.8557],[-16.6706,14.8694],[-16.6791,14.8822],[-16.6685,14.92],[-16.6593,14.9346],[-16.6405,14.9444],[-16.3995,15.0116],[-16.3625,14.994],[-16.3146,14.9997],[-16.2809,14.9734],[-16.2536,14.961],[-16.2419,14.9309],[-16.2176,14.9224],[-16.1927,14.9263],[-16.1447,14.9507],[-16.1003,14.9963],[-16.0771,15.0019],[-15.8319,15.0034],[-15.8168,15.0006],[-15.8132,14.9672],[-15.7916,14.9528],[-15.7801,14.93],[-15.7301,14.9017],[-15.7177,14.8616],[-15.6999,14.8479],[-15.6741,14.8556]]]}},{"type":"Feature","properties":{"iso":"GIN","nom":"Kissidougou","id":"GIN-5644"},"geometry":{"type":"Polygon","coordinates":[[[-9.9552,9.669],[-9.8932,9.5962],[-9.8334,9.5531],[-9.7553,9.5578],[-9.6293,9.5366],[-9.5495,9.459],[-9.3443,9.4672],[-9.2212,9.4262],[-9.2376,9.2457],[-9.3197,9.1964],[-9.3361,9.0897],[-9.3509,9.0588],[-9.3623,8.9933],[-9.4217,8.9287],[-9.5232,8.8721],[-9.5743,8.8603],[-9.98,8.943],[-10.0702,8.8882],[-10.1672,8.8716],[-10.2022,8.8723],[-10.2234,8.902],[-10.2878,8.9226],[-10.3848,9.0427],[-10.3998,9.047],[-10.4398,9.0785],[-10.4323,9.1473],[-10.4423,9.164],[-10.4782,9.1852],[-10.4607,9.2264],[-10.4337,9.2625],[-10.3916,9.2925],[-10.3796,9.3857],[-10.3886,9.4668],[-10.4216,9.5539],[-10.4177,9.6117],[-10.2902,9.5958],[-10.2709,9.5981],[-10.2382,9.6151],[-10.1691,9.7026],[-10.1341,9.7138],[-10.021,9.7129],[-9.9925,9.7],[-9.9552,9.669]]]}},{"type":"Feature","properties":{"iso":"GIN","nom":"Kérouané","id":"GIN-5642"},"geometry":{"type":"Polygon","coordinates":[[[-9.3361,9.0897],[-9.3197,9.1964],[-9.2376,9.2457],[-9.2139,9.4968],[-9.1778,9.638],[-9.1237,9.6801],[-9.0246,9.7312],[-8.8834,9.7402],[-8.8383,9.7222],[-8.8143,9.6831],[-8.7752,9.6741],[-8.6731,9.6681],[-8.5709,9.626],[-8.5229,9.584],[-8.4748,9.5209],[-8.4658,9.4578],[-8.4791,9.3808],[-8.5218,9.3665],[-8.5304,9.3266],[-8.5646,9.3152],[-8.5988,9.2696],[-8.6216,9.2269],[-8.6673,9.1949],[-8.7114,9.1193],[-8.728,9.0721],[-8.8067,9.036],[-8.8837,9.0218],[-8.9264,9.0018],[-8.9691,8.9619],[-9.1486,8.9107],[-9.2398,8.9192],[-9.2712,8.999],[-9.2883,9.0816],[-9.3361,9.0897]]]}},{"type":"Feature","properties":{"iso":"GIN","nom":"Télimélé","id":"GIN-5660"},"geometry":{"type":"Polygon","coordinates":[[[-12.9687,11.1685],[-12.9503,11.1169],[-12.9087,11.0705],[-12.8749,10.9861],[-12.9226,10.9542],[-12.9308,10.9117],[-12.9535,10.8848],[-12.9474,10.8344],[-12.9612,10.813],[-12.9538,10.8016],[-12.9474,10.7517],[-12.9237,10.7342],[-12.9212,10.7238],[-12.9279,10.6875],[-12.941,10.6598],[-12.9316,10.6526],[-12.9327,10.6467],[-12.9443,10.6233],[-12.9616,10.6065],[-12.9631,10.5847],[-12.9213,10.5426],[-12.896,10.4699],[-13.1346,10.4042],[-13.2121,10.3972],[-13.2184,10.4763],[-13.1963,10.5142],[-13.2089,10.5964],[-13.4049,10.7007],[-13.7242,10.7224],[-13.7343,10.7291],[-13.7639,10.7281],[-13.8,10.7408],[-13.8421,10.7222],[-13.8506,10.6912],[-13.8885,10.6846],[-13.9158,10.6665],[-13.928,10.6752],[-13.9865,10.6469],[-14.0307,10.6406],[-14.0497,10.6691],[-14.1445,10.6691],[-14.1003,10.7323],[-14.0402,10.7923],[-13.9897,10.8619],[-13.9305,10.8577],[-13.8601,10.8899],[-13.8253,10.982],[-13.8166,11.0368],[-13.7724,11.0737],[-13.76,11.1185],[-13.7602,11.1645],[-13.7818,11.1856],[-13.7841,11.2209],[-13.8123,11.2552],[-13.8394,11.2618],[-13.8441,11.2718],[-13.8246,11.2752],[-13.7915,11.3061],[-13.7071,11.3286],[-13.667,11.32],[-13.6386,11.3214],[-13.6054,11.3445],[-13.5511,11.3642],[-13.3954,11.3613],[-13.2642,11.331],[-13.2457,11.1424],[-13.2337,11.1303],[-13.1761,11.1327],[-13.0882,11.1535],[-13.0405,11.1717],[-12.9687,11.1685]]]}},{"type":"Feature","properties":{"iso":"GIN","nom":"Lélouma","id":"GIN-5649"},"geometry":{"type":"Polygon","coordinates":[[[-12.8749,10.9861],[-12.9087,11.0705],[-12.9503,11.1169],[-12.9897,11.2562],[-12.9553,11.3169],[-12.9303,11.3854],[-12.881,11.427],[-12.8008,11.4691],[-12.7551,11.5316],[-12.7174,11.5507],[-12.7042,11.5662],[-12.7079,11.6067],[-12.748,11.6233],[-12.7723,11.6472],[-12.7853,11.676],[-12.8053,11.6917],[-12.8087,11.7222],[-12.5006,11.7257],[-12.5067,11.657],[-12.4766,11.63],[-12.4616,11.5789],[-12.4616,11.5128],[-12.4917,11.4858],[-12.5217,11.3836],[-12.5257,11.2992],[-12.5391,11.3154],[-12.6042,11.314],[-12.6301,11.3217],[-12.6483,11.3135],[-12.6495,11.2868],[-12.6572,11.2726],[-12.7092,11.2535],[-12.7267,11.2355],[-12.7515,11.1911],[-12.7569,11.1559],[-12.7794,11.0859],[-12.7983,11.0544],[-12.8126,11.0001],[-12.8238,10.9985],[-12.8403,11.0112],[-12.851,11.0112],[-12.855,10.991],[-12.8749,10.9861]]]}},{"type":"Feature","properties":{"iso":"GIN","nom":"Dalaba","id":"GIN-5633"},"geometry":{"type":"Polygon","coordinates":[[[-12.0055,11.2866],[-11.9964,11.2473],[-11.9774,11.2158],[-11.9284,11.1906],[-11.9048,11.1586],[-11.9089,11.068],[-11.8968,11.0176],[-11.8881,11.0061],[-11.867,10.9995],[-11.8131,11.0025],[-11.7856,10.969],[-11.7796,10.8969],[-11.8217,10.8038],[-11.8607,10.7857],[-11.9479,10.7797],[-12.029,10.7617],[-12.1011,10.7076],[-12.1732,10.6355],[-12.1972,10.5934],[-12.2754,10.5814],[-12.3114,10.5634],[-12.3595,10.5243],[-12.4151,10.4912],[-12.428,10.4969],[-12.4356,10.5251],[-12.4425,10.5311],[-12.4783,10.543],[-12.4958,10.5579],[-12.4909,10.589],[-12.4929,10.6147],[-12.5001,10.619],[-12.5243,10.6093],[-12.5714,10.5634],[-12.6495,10.5287],[-12.6449,10.6746],[-12.6179,10.7317],[-12.4947,10.8248],[-12.4406,10.8368],[-12.4015,10.8999],[-12.3835,10.954],[-12.3384,10.987],[-12.2573,11.0291],[-12.1341,11.0321],[-12.1462,11.0742],[-12.1732,11.0952],[-12.1822,11.1342],[-12.1582,11.1703],[-12.1552,11.2184],[-12.1341,11.2484],[-12.1218,11.293],[-12.0928,11.306],[-12.0693,11.291],[-12.0055,11.2866]]]}},{"type":"Feature","properties":{"iso":"GIN","nom":"Labé","id":"GIN-5648"},"geometry":{"type":"Polygon","coordinates":[[[-12.0555,11.291],[-12.0928,11.306],[-12.1218,11.293],[-12.2354,11.2665],[-12.2544,11.1964],[-12.3656,11.1599],[-12.4163,11.1484],[-12.4614,11.1594],[-12.4816,11.1731],[-12.4975,11.2544],[-12.5257,11.2992],[-12.5217,11.3836],[-12.4917,11.4858],[-12.4616,11.5128],[-12.4616,11.5789],[-12.4766,11.63],[-12.5067,11.657],[-12.5006,11.7257],[-12.3175,11.7278],[-12.2994,11.678],[-12.1041,11.3986],[-12.0681,11.3626],[-12.0555,11.291]]]}},{"type":"Feature","properties":{"iso":"GIN","nom":"Pita","id":"GIN-5656"},"geometry":{"type":"Polygon","coordinates":[[[-12.2544,11.1964],[-12.2354,11.2665],[-12.1218,11.293],[-12.1341,11.2484],[-12.1552,11.2184],[-12.1582,11.1703],[-12.1822,11.1342],[-12.1732,11.0952],[-12.1462,11.0742],[-12.1341,11.0321],[-12.2573,11.0291],[-12.3384,10.987],[-12.3835,10.954],[-12.4015,10.8999],[-12.4406,10.8368],[-12.4947,10.8248],[-12.6179,10.7317],[-12.6449,10.6746],[-12.6495,10.5287],[-12.6836,10.5038],[-12.7029,10.4755],[-12.714,10.4715],[-12.7344,10.4766],[-12.8128,10.5241],[-12.8373,10.5196],[-12.8518,10.4826],[-12.896,10.4699],[-12.9213,10.5426],[-12.9546,10.5728],[-12.964,10.5903],[-12.9616,10.6065],[-12.9443,10.6233],[-12.9327,10.6467],[-12.9316,10.6526],[-12.941,10.6598],[-12.9279,10.6875],[-12.9212,10.7238],[-12.9237,10.7342],[-12.9474,10.7517],[-12.9538,10.8016],[-12.9612,10.813],[-12.9474,10.8344],[-12.9535,10.8848],[-12.9308,10.9117],[-12.9251,10.9489],[-12.9169,10.96],[-12.8803,10.9839],[-12.855,10.991],[-12.851,11.0112],[-12.8403,11.0112],[-12.8238,10.9985],[-12.8126,11.0001],[-12.7983,11.0544],[-12.7794,11.0859],[-12.7569,11.1559],[-12.7515,11.1911],[-12.7267,11.2355],[-12.7092,11.2535],[-12.6572,11.2726],[-12.6495,11.2868],[-12.6519,11.308],[-12.6301,11.3217],[-12.6042,11.314],[-12.5391,11.3154],[-12.5084,11.2784],[-12.4975,11.2544],[-12.4867,11.2154],[-12.4847,11.1781],[-12.4614,11.1594],[-12.4163,11.1484],[-12.2544,11.1964]]]}},{"type":"Feature","properties":{"iso":"GIN","nom":"Kouroussa","id":"GIN-5647"},"geometry":{"type":"Polygon","coordinates":[[[-9.9552,9.669],[-9.9925,9.7],[-10.021,9.7129],[-10.1341,9.7138],[-10.1691,9.7026],[-10.2382,9.6151],[-10.2709,9.5981],[-10.2902,9.5958],[-10.4177,9.6117],[-10.4073,9.66],[-10.414,9.7401],[-10.3663,9.7782],[-10.3751,9.8034],[-10.3707,9.8453],[-10.3384,9.8585],[-10.3227,9.8886],[-10.3527,9.9786],[-10.3538,9.9991],[-10.3277,10.0343],[-10.3199,10.0854],[-10.2913,10.0913],[-10.2668,10.1139],[-10.245,10.1463],[-10.2258,10.1601],[-10.2108,10.184],[-10.2087,10.1998],[-10.2324,10.2542],[-10.2303,10.3195],[-10.2242,10.3268],[-10.1904,10.3211],[-10.1772,10.3247],[-10.1374,10.3989],[-10.1348,10.4088],[-10.1442,10.4397],[-10.1224,10.4785],[-10.1342,10.5238],[-10.1468,10.5217],[-10.1491,10.4878],[-10.1896,10.4571],[-10.1911,10.4426],[-10.1999,10.4393],[-10.2136,10.4704],[-10.2348,10.4884],[-10.2364,10.4973],[-10.2242,10.5082],[-10.2794,10.5151],[-10.3047,10.5322],[-10.3508,10.5221],[-10.4091,10.5293],[-10.4168,10.5139],[-10.4417,10.5059],[-10.523,10.5847],[-10.5727,10.6003],[-10.5788,10.6378],[-10.623,10.6852],[-10.6479,10.7219],[-10.6729,10.7336],[-10.6925,10.7532],[-10.8643,10.808],[-10.8857,10.8256],[-10.8963,10.8441],[-10.8906,10.8714],[-10.823,10.9089],[-10.793,10.9834],[-10.7115,11.0558],[-10.6944,11.0997],[-10.7031,11.1126],[-10.7025,11.1852],[-10.6954,11.2279],[-10.6491,11.2351],[-10.5976,11.2086],[-10.5814,11.1817],[-10.5494,11.1745],[-10.3749,11.1781],[-10.3428,11.2066],[-10.3434,11.2695],[-10.3998,11.3989],[-10.3856,11.4416],[-10.3215,11.4665],[-10.2431,11.4523],[-10.1399,11.374],[-10.0295,11.3775],[-9.959,11.3656],[-9.9259,11.3295],[-9.8748,11.3025],[-9.8598,11.2634],[-9.8418,11.1613],[-9.8328,11.0381],[-9.8087,11.0081],[-9.7697,10.987],[-9.6886,10.8729],[-9.6375,10.8638],[-9.3431,10.8668],[-9.3641,10.8248],[-9.3731,10.7497],[-9.4242,10.7226],[-9.5113,10.6025],[-9.6675,10.4372],[-9.6826,10.284],[-9.7186,10.2029],[-9.7186,10.0466],[-9.6916,10.0016],[-9.7006,9.9024],[-9.7396,9.8724],[-9.7757,9.8273],[-9.7787,9.7732],[-9.8147,9.7492],[-9.8508,9.7011],[-9.9229,9.6891],[-9.9552,9.669]]]}},{"type":"Feature","properties":{"iso":"GIN","nom":"Fria","id":"GIN-5638"},"geometry":{"type":"Polygon","coordinates":[[[-13.6124,10.7148],[-13.4049,10.7007],[-13.2089,10.5964],[-13.1963,10.5142],[-13.2184,10.4763],[-13.2121,10.3972],[-13.2946,10.3765],[-13.367,10.3182],[-13.4081,10.2582],[-13.4839,10.2392],[-13.7558,10.2961],[-13.819,10.2961],[-13.8286,10.3531],[-13.8106,10.3952],[-13.7565,10.4552],[-13.7325,10.4913],[-13.6904,10.5063],[-13.6243,10.5544],[-13.6124,10.7148]]]}},{"type":"Feature","properties":{"iso":"MRT","nom":"Tagant","id":"MRT-2798"},"geometry":{"type":"Polygon","coordinates":[[[-11.4506,19.2031],[-11.4225,19.4088],[-11.0348,19.7114],[-7.9877,19.7254],[-9.1497,17.2823],[-9.7227,17.5563],[-10.3325,17.5182],[-11.0795,17.7228],[-10.9707,18.3109],[-11.0018,18.2904],[-11.0308,18.2924],[-11.1039,18.2632],[-11.1361,18.2411],[-11.167,18.2047],[-11.1942,18.1852],[-11.1689,18.1615],[-11.2125,18.0964],[-11.2401,18.0986],[-11.2983,18.0808],[-11.3234,18.0645],[-11.3466,18.0669],[-11.3555,18.0758],[-11.4864,18.0779],[-11.4918,18.0467],[-11.5479,18.0505],[-11.5493,18.0016],[-11.5811,17.9853],[-11.5953,17.9557],[-11.5743,17.9367],[-11.5065,17.8153],[-11.5293,17.8167],[-11.4916,17.7549],[-11.454,17.717],[-11.425,17.675],[-11.43,17.6605],[-11.4152,17.633],[-11.4218,17.6026],[-11.4527,17.5945],[-11.5145,17.557],[-11.4741,17.5478],[-11.4688,17.5097],[-11.5089,17.4932],[-11.4925,17.4381],[-11.5185,17.3823],[-11.5271,17.1772],[-11.5704,17.1239],[-11.7525,17.1391],[-11.9099,17.0862],[-12.2136,17.1868],[-12.3102,17.2754],[-12.4096,17.3556],[-12.5448,17.4919],[-12.5061,17.9977],[-12.4787,18.2742],[-12.6691,18.557],[-12.3421,18.8996],[-11.8908,19.1798],[-11.6779,19.3198],[-11.4506,19.2031]]]}},{"type":"Feature","properties":{"iso":"MLI","nom":"Bamako","id":"MLI-2792"},"geometry":{"type":"Polygon","coordinates":[[[-8.0016,12.704],[-7.9752,12.6982],[-7.9532,12.685],[-7.9386,12.6616],[-7.9338,12.6358],[-7.9327,12.5751],[-7.9445,12.5532],[-7.9781,12.5429],[-8.0294,12.5576],[-8.0543,12.5795],[-8.0646,12.6044],[-8.069,12.6425],[-8.0646,12.6704],[-8.0512,12.6908],[-8.0016,12.704]]]}}]}